file_path,category,filename,size_kb,act_tag,section_hint,needs_validation
raw\01-original.pdf,raw,01-original.pdf,6679.3,,01,PENDING
raw\12175.pdf,raw,12175.pdf,1911.7,,,PENDING
raw\12782.pdf,raw,12782.pdf,2199.5,,,PENDING
raw\16it.pdf,raw,16it.pdf,279.8,,,PENDING
raw\2011amendmentinDMCAct1957_290420175B15D.pdf,raw,2011amendmentinDMCAct1957_290420175B15D.pdf,19820.2,,,PENDING
raw\250882_english_01042024_0.pdf,raw,250882_english_01042024_0.pdf,654.7,,,PENDING
raw\250883_english_01042024.pdf,raw,250883_english_01042024.pdf,1293.2,,,PENDING
raw\250884_2_english_01042024.pdf,raw,250884_2_english_01042024.pdf,1985.5,,,PENDING
raw\32.d3.pdf,raw,32.d3.pdf,8990.1,,32,PENDING
raw\33.dhc.pdf,raw,33.dhc.pdf,9095.8,,33,PENDING
raw\33673_2026_1_12_72183_order_24-jul-2026.pdf,raw,33673_2026_1_12_72183_order_24-jul-2026.pdf,195.4,,,PENDING
raw\33673_2026_1_12_72183_order_24-jul-2026_f8eabecf.pdf,raw,33673_2026_1_12_72183_order_24-jul-2026_f8eabecf.pdf,195.4,,,PENDING
raw\34.pdf,raw,34.pdf,6362.2,,34,PENDING
raw\59605082026CRLMM29002021_181558.pdf,raw,59605082026CRLMM29002021_181558.pdf,1368.2,,,PENDING
raw\60804082026BA17122026_174305.pdf,raw,60804082026BA17122026_174305.pdf,846.1,,,PENDING
raw\60804082026BA31102026_174347.pdf,raw,60804082026BA31102026_174347.pdf,793.3,,,PENDING
raw\60805082026BA31232026_174505.pdf,raw,60805082026BA31232026_174505.pdf,804.4,,,PENDING
raw\60805082026CRLMM10872026_174424.pdf,raw,60805082026CRLMM10872026_174424.pdf,763.9,,,PENDING
raw\60805082026CRLMM19792026_174148.pdf,raw,60805082026CRLMM19792026_174148.pdf,875.1,,,PENDING
raw\60805082026CRLRMAT5112025_174251.pdf,raw,60805082026CRLRMAT5112025_174251.pdf,793.2,,,PENDING
raw\62exam.pdf,raw,62exam.pdf,1044.4,,,PENDING
raw\66-exams-nj.pdf,raw,66-exams-nj.pdf,145.6,,66,PENDING
raw\66-exams-nj_8cd2d59f.pdf,raw,66-exams-nj_8cd2d59f.pdf,145.6,,66,PENDING
raw\67905082026CMM18452023_190800.pdf,raw,67905082026CMM18452023_190800.pdf,670.6,,,PENDING
raw\68-it_cell.pdf,raw,68-it_cell.pdf,765.5,,68,PENDING
raw\74905082026FAOC822026_132213.pdf,raw,74905082026FAOC822026_132213.pdf,666.1,,,PENDING
raw\75504082026CRLA3482026_213422.pdf,raw,75504082026CRLA3482026_213422.pdf,438.4,,,PENDING
raw\76005082026CRLA8442017_144004.pdf,raw,76005082026CRLA8442017_144004.pdf,688.9,,,PENDING
raw\A2013-18.pdf,raw,A2013-18.pdf,3205.0,,18,PENDING
raw\ActAndRuleThe2520ArmsAct_171220195B15D.pdf,raw,ActAndRuleThe2520ArmsAct_171220195B15D.pdf,694.2,,,PENDING
raw\ActAndRule_TheSpecialProtectingGroup_171220195B15D.PDF,raw,ActAndRule_TheSpecialProtectingGroup_171220195B15D.PDF,830.1,,,PENDING
raw\ACT_CTCR_300820195B15D.pdf,raw,ACT_CTCR_300820195B15D.pdf,935.7,,,PENDING
raw\ACT_CTCR_UnlawfulActivitiest_300820195B15D.pdf,raw,ACT_CTCR_UnlawfulActivitiest_300820195B15D.pdf,1048.3,,,PENDING
raw\admit_card_dhjs_2026.pdf,raw,admit_card_dhjs_2026.pdf,11.4,,,PENDING
raw\adv-eng_dhjs-2026.pdf,raw,adv-eng_dhjs-2026.pdf,264.3,,,PENDING
raw\adv-eng_dhjs-2026_099d6ba0.pdf,raw,adv-eng_dhjs-2026_099d6ba0.pdf,264.3,,,PENDING
raw\advertisement_for_senior_faculty_member.pdf,raw,advertisement_for_senior_faculty_member.pdf,362.8,,,PENDING
raw\AmendmenttotheEnemyPropertyAct_110120165B15D.PDF,raw,AmendmenttotheEnemyPropertyAct_110120165B15D.PDF,134.1,,,PENDING
raw\answer_key_dhjs.pdf,raw,answer_key_dhjs.pdf,76.4,,,PENDING
raw\answer_key_dhjs_acda5f06.pdf,raw,answer_key_dhjs_acda5f06.pdf,76.4,,,PENDING
raw\answer_key_dhjs_cc2feeeb.pdf,raw,answer_key_dhjs_cc2feeeb.pdf,76.4,,,PENDING
raw\apply_link_for_dhjs_2026.pdf,raw,apply_link_for_dhjs_2026.pdf,4.4,,,PENDING
raw\APRegACT2014_015B15D.pdf,raw,APRegACT2014_015B15D.pdf,28.5,,,PENDING
raw\APRegACT2014_015B15D_0.pdf,raw,APRegACT2014_015B15D_0.pdf,28.5,,,PENDING
raw\APRegACT2014_05B15D.pdf,raw,APRegACT2014_05B15D.pdf,205.4,,,PENDING
raw\APRegACT2014_05B15D_0.pdf,raw,APRegACT2014_05B15D_0.pdf,205.4,,,PENDING
raw\AR-Rules252020105B15D.pdf,raw,AR-Rules252020105B15D.pdf,777.9,,,PENDING
raw\armed_forces_special_powers_act19585B15D.pdf,raw,armed_forces_special_powers_act19585B15D.pdf,18.8,,,PENDING
raw\arms2520act-19595B15D.pdf,raw,arms2520act-19595B15D.pdf,58.6,,,PENDING
raw\AssamRifesAct20065B15D.pdf,raw,AssamRifesAct20065B15D.pdf,10085.8,,,PENDING
raw\AssitantCustodian28E29_1311145B15D.pdf,raw,AssitantCustodian28E29_1311145B15D.pdf,16.7,,,PENDING
raw\AuthenticationOrder20025B15D.pdf,raw,AuthenticationOrder20025B15D.pdf,14425.3,,,PENDING
raw\Ayodhya_Act19935B15D.pdf,raw,Ayodhya_Act19935B15D.pdf,45.0,,,PENDING
raw\bank_account_details_dhc.pdf,raw,bank_account_details_dhc.pdf,104.5,,,PENDING
raw\bcbc61df3b552a46b7155303bedf6a75830021414aa81943d4d469ea40fe56e61785957183.pdf,raw,bcbc61df3b552a46b7155303bedf6a75830021414aa81943d4d469ea40fe56e61785957183.pdf,532.9,,,PENDING
raw\BiharReorAct2000_1309135B15D.PDF,raw,BiharReorAct2000_1309135B15D.PDF,737.0,,,PENDING
raw\BiharReorAct2000_1309135B15D_0.PDF,raw,BiharReorAct2000_1309135B15D_0.PDF,737.0,,,PENDING
raw\BM-GSR-556E_05B15D.pdf,raw,BM-GSR-556E_05B15D.pdf,8303.7,,,PENDING
raw\bsfAct26Rules5B15D.pdf,raw,bsfAct26Rules5B15D.pdf,5541.4,,,PENDING
raw\bsfAct26Rules_05B15D.pdf,raw,bsfAct26Rules_05B15D.pdf,5541.4,,,PENDING
raw\ccp19735B15D.pdf,raw,ccp19735B15D.pdf,628.6,,,PENDING
raw\CDAct1968_290520205B15D.pdf,raw,CDAct1968_290520205B15D.pdf,962.1,,,PENDING
raw\CDRegulation1968_290520205B15D.pdf,raw,CDRegulation1968_290520205B15D.pdf,1705.6,,,PENDING
raw\CDRules1968_290520205B15D.pdf,raw,CDRules1968_290520205B15D.pdf,112.1,,,PENDING
raw\census_act_19485B15D.pdf,raw,census_act_19485B15D.pdf,92.2,,,PENDING
raw\census_rules_1990_05B15D.pdf,raw,census_rules_1990_05B15D.pdf,72.3,,,PENDING
raw\Certificate-of-MHA.pdf,raw,Certificate-of-MHA.pdf,590.7,,,PENDING
raw\Certificate-of-MHA_bf670d4c.pdf,raw,Certificate-of-MHA_bf670d4c.pdf,590.7,,,PENDING
raw\Chif_gurudwara_rules_2010145B15D.PDF,raw,Chif_gurudwara_rules_2010145B15D.PDF,57.7,,,PENDING
raw\CIAct19525B15D.pdf,raw,CIAct19525B15D.pdf,25.2,,,PENDING
raw\cisfact19685B15D.pdf,raw,cisfact19685B15D.pdf,60.0,,,PENDING
raw\cisfrules20015B15D.pdf,raw,cisfrules20015B15D.pdf,198.6,,,PENDING
raw\CitizenshipAct1955_02012025_0.pdf,raw,CitizenshipAct1955_02012025_0.pdf,603.4,,,PENDING
raw\citizenship_rules2003_05B15D.pdf,raw,citizenship_rules2003_05B15D.pdf,95.8,,,PENDING
raw\combinbed_pro_05.08.2026.pdf,raw,combinbed_pro_05.08.2026.pdf,526.6,,08,PENDING
raw\combined_pro_31.07.2026.pdf,raw,combined_pro_31.07.2026.pdf,650.2,,07,PENDING
raw\Compoundingnotification06062018_15B15D.pdf,raw,Compoundingnotification06062018_15B15D.pdf,1762.8,,,PENDING
raw\CriminalLawAmendmendAct2C20055B15D.pdf,raw,CriminalLawAmendmendAct2C20055B15D.pdf,105.7,,,PENDING
raw\CriminalLawAmendmentAct19615B15D.pdf,raw,CriminalLawAmendmentAct19615B15D.pdf,13.9,,,PENDING
raw\crpf_act19495B15D.pdf,raw,crpf_act19495B15D.pdf,28.0,,,PENDING
raw\crpf_rules19555B15D.pdf,raw,crpf_rules19555B15D.pdf,178.6,,,PENDING
raw\CSCorr_1610145B15D.pdf,raw,CSCorr_1610145B15D.pdf,790.6,,,PENDING
raw\CSCorr_1610145B15D_0.pdf,raw,CSCorr_1610145B15D_0.pdf,790.6,,,PENDING
raw\CSdivTheCriminalLawAct_14082018_25B15D.pdf,raw,CSdivTheCriminalLawAct_14082018_25B15D.pdf,1606.8,,,PENDING
raw\CTCRdiv_UnlawfulActivitiesAct1967_09012020_05B15D.PDF,raw,CTCRdiv_UnlawfulActivitiesAct1967_09012020_05B15D.PDF,1064.0,,,PENDING
raw\DANICS_DANIPS_RULES_20035B15D.pdf,raw,DANICS_DANIPS_RULES_20035B15D.pdf,183.7,,,PENDING
raw\DeclarationoftheNationalLiberation_301120185B15D_0.pdf,raw,DeclarationoftheNationalLiberation_301120185B15D_0.pdf,31.0,,,PENDING
raw\DelhiMunicipalCorporationAct-1957_290420175B15D.pdf,raw,DelhiMunicipalCorporationAct-1957_290420175B15D.pdf,1799.1,,,PENDING
raw\DM_Athority_rules20065B15D.pdf,raw,DM_Athority_rules20065B15D.pdf,109.8,,,PENDING
raw\DM_NEC_Rules20065B15D.pdf,raw,DM_NEC_Rules20065B15D.pdf,372.4,,,PENDING
raw\DM_NIDM_rules20065B15D.pdf,raw,DM_NIDM_rules20065B15D.pdf,459.1,,,PENDING
raw\DM_Regulation20065B15D.pdf,raw,DM_Regulation20065B15D.pdf,679.8,,,PENDING
raw\download_admit_card_for_chfr25.pdf,raw,download_admit_card_for_chfr25.pdf,49.6,,,PENDING
raw\download_admit_card_for_chfr25_0.pdf,raw,download_admit_card_for_chfr25_0.pdf,49.6,,,PENDING
raw\E-gazette5B15D.pdf,raw,E-gazette5B15D.pdf,104.4,,,PENDING
raw\Emblem-Rules20075B15D.pdf,raw,Emblem-Rules20075B15D.pdf,4111.6,,,PENDING
raw\EnemyPropertyFourthOrdinanceDated280820165B15D.pdf,raw,EnemyPropertyFourthOrdinanceDated280820165B15D.pdf,1376.0,,,PENDING
raw\EnemyProperty_ThirdOrdiance_31-05-20165B15D.pdf,raw,EnemyProperty_ThirdOrdiance_31-05-20165B15D.pdf,698.8,,05,PENDING
raw\ExplosiveSubstancesAct19085B15D.pdf,raw,ExplosiveSubstancesAct19085B15D.pdf,12.9,,,PENDING
raw\FC-RegulationAct-2010-C5B15D.pdf,raw,FC-RegulationAct-2010-C5B15D.pdf,7935.3,,,PENDING
raw\FC-rules20115B15D.pdf,raw,FC-rules20115B15D.pdf,2781.5,,,PENDING
raw\FCRAAMENDMENT2020_MHANotification_091020205B15D.pdf,raw,FCRAAMENDMENT2020_MHANotification_091020205B15D.pdf,856.1,,,PENDING
raw\fr_rules_19925B15D.pdf,raw,fr_rules_19925B15D.pdf,3342.8,,,PENDING
raw\gazette-dm5B15D.pdf,raw,gazette-dm5B15D.pdf,999.5,,,PENDING
raw\GazetteNotificationforRRURules_05012021_05B15D.pdf,raw,GazetteNotificationforRRURules_05012021_05B15D.pdf,1751.7,,,PENDING
raw\GazetteofIndia_09015B15D.pdf,raw,GazetteofIndia_09015B15D.pdf,1206.4,,,PENDING
raw\GovAmendActPublis_51828E29_20145B15D.pdf,raw,GovAmendActPublis_51828E29_20145B15D.pdf,147.8,,,PENDING
raw\GovEAPAmendmentAct2014_05B15D.pdf,raw,GovEAPAmendmentAct2014_05B15D.pdf,75.7,,,PENDING
raw\GovEAPAmendmentAct2014_05B15D_0.pdf,raw,GovEAPAmendmentAct2014_05B15D_0.pdf,75.7,,,PENDING
raw\GovernmentNationalCapitalTerritoryAct5B15D.pdf,raw,GovernmentNationalCapitalTerritoryAct5B15D.pdf,85.4,,,PENDING
raw\GovernmentUnionterritoriesAct19635B15D.pdf,raw,GovernmentUnionterritoriesAct19635B15D.pdf,158.2,,,PENDING
raw\GOVERNORSEmoluments_Act19825B15D.pdf,raw,GOVERNORSEmoluments_Act19825B15D.pdf,78.9,,,PENDING
raw\GOVERNORSEmoluments_Act19825B15D_0.pdf,raw,GOVERNORSEmoluments_Act19825B15D_0.pdf,78.9,,,PENDING
raw\GovrnorsActs26Rules_09082018_05B15D.pdf,raw,GovrnorsActs26Rules_09082018_05B15D.pdf,115.1,,,PENDING
raw\GovrnorsActs26Rules_09082018_05B15D_0.pdf,raw,GovrnorsActs26Rules_09082018_05B15D_0.pdf,115.1,,,PENDING
raw\important_instructions_dhjs-2026.pdf,raw,important_instructions_dhjs-2026.pdf,689.5,,,PENDING
raw\important_instructions_dhjs-2026_0.pdf,raw,important_instructions_dhjs-2026_0.pdf,689.5,,,PENDING
raw\Investigation2520of2520High2520Quality2520Counterfeit2520Indian2520Currency2520Offences2520Rules2C252020135B15D.PDF,raw,Investigation2520of2520High2520Quality2520Counterfeit2520Indian2520Currency2520Offences2520Rules2C252020135B15D.PDF,155.6,,,PENDING
raw\IPC18605B15D.pdf,raw,IPC18605B15D.pdf,358.2,IPC->BNS,,PENDING
raw\IS_IIActs_280820185B15D.pdf,raw,IS_IIActs_280820185B15D.pdf,122.8,,,PENDING
raw\ITBP-Act19925B15D.pdf,raw,ITBP-Act19925B15D.pdf,185.1,,,PENDING
raw\ITBP-Rule-19945B15D.pdf,raw,ITBP-Rule-19945B15D.pdf,376.7,,,PENDING
raw\jud-03082026_odtt.pdf,raw,jud-03082026_odtt.pdf,11.6,,,PENDING
raw\jud-03082026_odtt_0.pdf,raw,jud-03082026_odtt_0.pdf,75.1,,,PENDING
raw\jud-03082026_odtt_1.pdf,raw,jud-03082026_odtt_1.pdf,54.4,,,PENDING
raw\jud-04082026.odtttt.pdf,raw,jud-04082026.odtttt.pdf,52.6,,,PENDING
raw\jud-05082026.odttttt.pdf,raw,jud-05082026.odttttt.pdf,75.4,,,PENDING
raw\jud-05082026.odttttt_0.pdf,raw,jud-05082026.odttttt_0.pdf,70.1,,,PENDING
raw\jud-05082026.odttttt_1.pdf,raw,jud-05082026.odttttt_1.pdf,10.9,,,PENDING
raw\jud-31072026.odtt.pdf,raw,jud-31072026.odtt.pdf,54.4,,,PENDING
raw\jud_01_for_31.07.2026_1.pdf,raw,jud_01_for_31.07.2026_1.pdf,731.5,,07,PENDING
raw\jud_1_for_03.08.2026.pdf,raw,jud_1_for_03.08.2026.pdf,437.0,,08,PENDING
raw\j_03082026.pdf,raw,j_03082026.pdf,662.8,,,PENDING
raw\LAPI-Act-0808115B15D.pdf,raw,LAPI-Act-0808115B15D.pdf,11530.8,,,PENDING
raw\LotteriesAct-19985B15D.pdf,raw,LotteriesAct-19985B15D.pdf,35.4,,,PENDING
raw\LotteriesAct-19985B15D_0.pdf,raw,LotteriesAct-19985B15D_0.pdf,35.4,,,PENDING
raw\MinisterAct1952_0807145B15D.pdf,raw,MinisterAct1952_0807145B15D.pdf,16.6,,,PENDING
raw\MinisterAct1952_0807145B15D_0.pdf,raw,MinisterAct1952_0807145B15D_0.pdf,16.6,,,PENDING
raw\MinistersAllowanceRules1957_35B15D.pdf,raw,MinistersAllowanceRules1957_35B15D.pdf,66.3,,,PENDING
raw\MinistersResidenceRules19625B15D.pdf,raw,MinistersResidenceRules19625B15D.pdf,19.6,,,PENDING
raw\MPReorgAct2000_1309135B15D.PDF,raw,MPReorgAct2000_1309135B15D.PDF,795.6,,,PENDING
raw\MPReorgAct2000_1309135B15D_0.PDF,raw,MPReorgAct2000_1309135B15D_0.PDF,795.6,,,PENDING
raw\NationalSecAmndmntAct19845B15D.pdf,raw,NationalSecAmndmntAct19845B15D.pdf,3546.0,,,PENDING
raw\NBK04082026RFA732025_172059.pdf,raw,NBK04082026RFA732025_172059.pdf,801.4,,,PENDING
raw\NBK04082026RSA1852024_172035.pdf,raw,NBK04082026RSA1852024_172035.pdf,493.1,,,PENDING
raw\NBK04082026RSA572018_171930.pdf,raw,NBK04082026RSA572018_171930.pdf,820.9,,,PENDING
raw\NDMCACT19441_290420175B15D.pdf,raw,NDMCACT19441_290420175B15D.pdf,27120.2,,,PENDING
raw\NDM_Noti1708095B15D.pdf,raw,NDM_Noti1708095B15D.pdf,3143.8,,,PENDING
raw\Noti2186-0208135B15D.pdf,raw,Noti2186-0208135B15D.pdf,3099.5,,,PENDING
raw\Noti80EAllowPrivAmendRule2015_0904155B15D.pdf,raw,Noti80EAllowPrivAmendRule2015_0904155B15D.pdf,999.1,,,PENDING
raw\NotiAPReOrgAct_1504145B15D.pdf,raw,NotiAPReOrgAct_1504145B15D.pdf,226.0,,,PENDING
raw\NotiAPReOrgAct_1504145B15D_0.pdf,raw,NotiAPReOrgAct_1504145B15D_0.pdf,226.0,,,PENDING
raw\notice_of_dhjs.pdf,raw,notice_of_dhjs.pdf,1571.5,,,PENDING
raw\notice_of_dhjs_dd62606e.pdf,raw,notice_of_dhjs_dd62606e.pdf,1571.5,,,PENDING
raw\notice_of_dhjs_fc15e954.pdf,raw,notice_of_dhjs_fc15e954.pdf,1571.5,,,PENDING
raw\NotiCustodian2520of2520Enemy2520Property612E_2909145B15D.pdf,raw,NotiCustodian2520of2520Enemy2520Property612E_2909145B15D.pdf,2710.7,,,PENDING
raw\NotiDeputyCustodianofEnemyProperty613E_2909145B15D.pdf,raw,NotiDeputyCustodianofEnemyProperty613E_2909145B15D.pdf,3836.9,,,PENDING
raw\NotificationCivilServicesAmedmentRule_0807165B15D.pdf,raw,NotificationCivilServicesAmedmentRule_0807165B15D.pdf,142.3,,,PENDING
raw\Notification_061020205B15D.pdf,raw,Notification_061020205B15D.pdf,1075.2,,,PENDING
raw\NotiSikhGurdwarasActAmendment_1205165B15D.PDF,raw,NotiSikhGurdwarasActAmendment_1205165B15D.PDF,24.1,,,PENDING
raw\NSGAct19865B15D.pdf,raw,NSGAct19865B15D.pdf,126.7,,,PENDING
raw\NSGRules19875B15D.pdf,raw,NSGRules19875B15D.pdf,218.2,,,PENDING
raw\odishaAlterationAct20115B15D.pdf,raw,odishaAlterationAct20115B15D.pdf,362.4,,,PENDING
raw\odishaAlterationAct20115B15D_0.pdf,raw,odishaAlterationAct20115B15D_0.pdf,362.4,,,PENDING
raw\Official_Secret_Act19235B15D.pdf,raw,Official_Secret_Act19235B15D.pdf,31.5,,,PENDING
raw\OSA25201923_25042017_05B15D.pdf,raw,OSA25201923_25042017_05B15D.pdf,3990.7,,,PENDING
raw\Paper_4_Business_Law_&_Management_CSEET_18122025.pdf,raw,Paper_4_Business_Law_&_Management_CSEET_18122025.pdf,4323.7,,,PENDING
raw\PDPPA2C19845B15D.pdf,raw,PDPPA2C19845B15D.pdf,42.0,,,PENDING
raw\PDPPA2C19845B15D_0.pdf,raw,PDPPA2C19845B15D_0.pdf,42.0,,,PENDING
raw\PlaceWorshipAct19915B15D.pdf,raw,PlaceWorshipAct19915B15D.pdf,12.3,,,PENDING
raw\PMS04082026CRLA6302026_163343.pdf,raw,PMS04082026CRLA6302026_163343.pdf,469.2,,,PENDING
raw\Pondicherry_Rule_180520175B15D.PDF,raw,Pondicherry_Rule_180520175B15D.PDF,226.6,,,PENDING
raw\PptEntryAct19205B15D.pdf,raw,PptEntryAct19205B15D.pdf,12.3,,,PENDING
raw\PptEntryAct1920_05B15D.pdf,raw,PptEntryAct1920_05B15D.pdf,12.3,,,PENDING
raw\PresidentPensionRulesupto2018_090820185B15D.pdf,raw,PresidentPensionRulesupto2018_090820185B15D.pdf,40.0,,,PENDING
raw\PresidentsActupto2018_090820185B15D.pdf,raw,PresidentsActupto2018_090820185B15D.pdf,23.6,,,PENDING
raw\PresidentsActupto2018_090820185B15D_0.pdf,raw,PresidentsActupto2018_090820185B15D_0.pdf,23.6,,,PENDING
raw\President_emoluments_act1951_UPDATED_5B15D.pdf,raw,President_emoluments_act1951_UPDATED_5B15D.pdf,18.6,,,PENDING
raw\President_emoluments_act1951_UPDATED_5B15D_0.pdf,raw,President_emoluments_act1951_UPDATED_5B15D_0.pdf,18.6,,,PENDING
raw\Prevention_Insults_National_Honour_Act1971.pdf,raw,Prevention_Insults_National_Honour_Act1971.pdf,15.1,,,PENDING
raw\Prisons_act18945B15D.pdf,raw,Prisons_act18945B15D.pdf,61.3,,,PENDING
raw\Prisons_act18945B15D_0.pdf,raw,Prisons_act18945B15D_0.pdf,61.3,,,PENDING
raw\Protection2520of2520HR2520Act19935B15D.pdf,raw,Protection2520of2520HR2520Act19935B15D.pdf,40.8,,,PENDING
raw\pro_for_04.08.2026.pdf,raw,pro_for_04.08.2026.pdf,652.1,,08,PENDING
raw\pro_for_06.08.2026.pdf,raw,pro_for_06.08.2026.pdf,649.7,,08,PENDING
raw\PS_Agencies_Regulation_Act20055B15D.pdf,raw,PS_Agencies_Regulation_Act20055B15D.pdf,28.4,,,PENDING
raw\PublicProDamgeAct_200515_05B15D.pdf,raw,PublicProDamgeAct_200515_05B15D.pdf,1060.6,,,PENDING
raw\rbd_act_19695B15D.pdf,raw,rbd_act_19695B15D.pdf,107.3,,,PENDING
raw\ReligiousInstitutionsAct19885B15D.pdf,raw,ReligiousInstitutionsAct19885B15D.pdf,36.0,,,PENDING
raw\RepatriationofPrisAct-20035B15D.pdf,raw,RepatriationofPrisAct-20035B15D.pdf,55.6,,,PENDING
raw\RepatriationofPrisAct-20035B15D_0.pdf,raw,RepatriationofPrisAct-20035B15D_0.pdf,55.6,,,PENDING
raw\RepatriationRules20045B15D.pdf,raw,RepatriationRules20045B15D.pdf,34.8,,,PENDING
raw\repealedfileopen.pdf,raw,repealedfileopen.pdf,1079.0,,,PENDING
raw\RRU_201120205B15D.pdf,raw,RRU_201120205B15D.pdf,704.9,,,PENDING
raw\RulesBharatRatna26PadmaAwards_0_0.pdf,raw,RulesBharatRatna26PadmaAwards_0_0.pdf,524.2,,,PENDING
raw\RulesBharatRatna26PadmaAwards_0_0_cdb1b4b8.pdf,raw,RulesBharatRatna26PadmaAwards_0_0_cdb1b4b8.pdf,524.2,,,PENDING
raw\Section220oftheFinanceAct_2018_091020205B15D.pdf,raw,Section220oftheFinanceAct_2018_091020205B15D.pdf,6976.8,,,PENDING
raw\Section236oftheFinanceAct_2016_091020205B15D.pdf,raw,Section236oftheFinanceAct_2016_091020205B15D.pdf,6725.9,,,PENDING
raw\Sikh2520Gurdwaras2520Board2520Election2520Rules2C252019595B15D.PDF,raw,Sikh2520Gurdwaras2520Board2520Election2520Rules2C252019595B15D.PDF,664.9,,,PENDING
raw\Sikh_Gurrdwara_Act19255B15D.pdf,raw,Sikh_Gurrdwara_Act19255B15D.pdf,480.7,,,PENDING
raw\SSB-Act20075B15D.pdf,raw,SSB-Act20075B15D.pdf,192.0,,,PENDING
raw\SSB-Rule20095B15D.pdf,raw,SSB-Rule20095B15D.pdf,493.1,,,PENDING
raw\StateEmblemRules-2010_05B15D.pdf,raw,StateEmblemRules-2010_05B15D.pdf,271.6,,,PENDING
raw\STATE_EMBLEM_ACT2005.pdf,raw,STATE_EMBLEM_ACT2005.pdf,28.2,,,PENDING
raw\tender_no._12382_27.07.2026.pdf,raw,tender_no._12382_27.07.2026.pdf,1616.3,,07,PENDING
raw\The2520Armed2520Forces252028Jammu2520and2520Kashmir292520Special2520Powers2520Act2C252019905B15D.pdf,raw,The2520Armed2520Forces252028Jammu2520and2520Kashmir292520Special2520Powers2520Act2C252019905B15D.pdf,216.7,,,PENDING
raw\The2520Bombay2520Reorganisation2520Act25201960_2706145B15D.pdf,raw,The2520Bombay2520Reorganisation2520Act25201960_2706145B15D.pdf,386.6,,,PENDING
raw\The2520Bombay2520Reorganisation2520Act25201960_2706145B15D_0.pdf,raw,The2520Bombay2520Reorganisation2520Act25201960_2706145B15D_0.pdf,386.6,,,PENDING
raw\The2520Disaster2520Management2520Act2C252020055B15D.pdf,raw,The2520Disaster2520Management2520Act2C252020055B15D.pdf,381.4,,,PENDING
raw\The2520National2520Investigation2520Agency252028Manner2520of2520Constitution292520Rules2C25202008252028English2520262520Hindi295B15D.pdf,raw,The2520National2520Investigation2520Agency252028Manner2520of2520Constitution292520Rules2C25202008252028English2520262520Hindi295B15D.pdf,84.8,Constitution,,PENDING
raw\The2520National2520Investigation2520Agency2520Act2C25202008252028English295B15D.pdf,raw,The2520National2520Investigation2520Agency2520Act2C25202008252028English295B15D.pdf,260.1,,,PENDING
raw\The2520Procedure2520for2520Admission2520and2520Disposal2520of2520Application2520Rules2C252020045B15D.pdf,raw,The2520Procedure2520for2520Admission2520and2520Disposal2520of2520Application2520Rules2C252020045B15D.pdf,42.4,,,PENDING
raw\The2520Qualifications2520for2520the2520members2520of2520the2520Review2520Committee2520Rules2C252020045B15D.pdf,raw,The2520Qualifications2520for2520the2520members2520of2520the2520Review2520Committee2520Rules2C252020045B15D.pdf,32.5,,,PENDING
raw\The2520State2520Reorganisation2520Act25201956_2706145B15D.pdf,raw,The2520State2520Reorganisation2520Act25201956_2706145B15D.pdf,396.5,,,PENDING
raw\The2520State2520Reorganisation2520Act25201956_2706145B15D_0.pdf,raw,The2520State2520Reorganisation2520Act25201956_2706145B15D_0.pdf,396.5,,,PENDING
raw\The2520Unlawful2520Activities252028Prevention29252028Recommendation2520and2520Sanction2520of2520Prosecution292520Rules2C25202008252028English2520262520Hindi295B15D.pdf,raw,The2520Unlawful2520Activities252028Prevention29252028Recommendation2520and2520Sanction2520of2520Prosecution292520Rules2C25202008252028English2520262520Hindi295B15D.pdf,61.9,,,PENDING
raw\The2520Unlawful2520Activities252028Prevention292520Act2C25201967252028English295B15D.pdf,raw,The2520Unlawful2520Activities252028Prevention292520Act2C25201967252028English295B15D.pdf,451.6,,,PENDING
raw\The2520Unlawful2520Activities252028Prevention292520Amendment2520Act2C25202004252028English295B15D.pdf,raw,The2520Unlawful2520Activities252028Prevention292520Amendment2520Act2C25202004252028English295B15D.pdf,522.8,,,PENDING
raw\The2520Unlawful2520Activities252028Prevention292520Amendment2520Act2C25202008252028English295B15D.pdf,raw,The2520Unlawful2520Activities252028Prevention292520Amendment2520Act2C25202008252028English295B15D.pdf,169.1,,,PENDING
raw\The2520Unlawful2520Activities252028Prevention292520Amendment2520Act2C25202012252028English295B15D.pdf,raw,The2520Unlawful2520Activities252028Prevention292520Amendment2520Act2C25202012252028English295B15D.pdf,751.5,,,PENDING
raw\The2520Unlawful2520Activities252028Prevention292520Rules2C25201968252028English295B15D.pdf,raw,The2520Unlawful2520Activities252028Prevention292520Rules2C25201968252028English295B15D.pdf,53.6,,,PENDING
raw\TheArmsRules19625B15D.pdf,raw,TheArmsRules19625B15D.pdf,16088.6,,,PENDING
raw\TheCCP28Amendment29Act2C20055B15D.pdf,raw,TheCCP28Amendment29Act2C20055B15D.pdf,72.1,,,PENDING
raw\TheCitizenshipRules2009_02012025.pdf,raw,TheCitizenshipRules2009_02012025.pdf,3832.3,,,PENDING
raw\TheCommissionsOfInquiryRules2C19725B15D.pdf,raw,TheCommissionsOfInquiryRules2C19725B15D.pdf,23.6,,,PENDING
raw\TheConst96AndmtAct20115B15D.pdf,raw,TheConst96AndmtAct20115B15D.pdf,180.4,,,PENDING
raw\TheConst96AndmtAct20115B15D_0.pdf,raw,TheConst96AndmtAct20115B15D_0.pdf,180.4,,,PENDING
raw\TheCrimnalLaw0304135B15D.pdf,raw,TheCrimnalLaw0304135B15D.pdf,5157.8,,,PENDING
raw\TheEnemypropertyAct2C19685B15D.pdf,raw,TheEnemypropertyAct2C19685B15D.pdf,4729.5,,,PENDING
raw\TheForeignContributionAmendmentAct_2020_091020205B15D.pdf,raw,TheForeignContributionAmendmentAct_2020_091020205B15D.pdf,297.0,,,PENDING
raw\TheForeignersAct19465B15D.pdf,raw,TheForeignersAct19465B15D.pdf,26.1,,,PENDING
raw\THENATIONALINVESTIGATIONAGENCYACT2008_03032020_05B15D.pdf,raw,THENATIONALINVESTIGATIONAGENCYACT2008_03032020_05B15D.pdf,407.8,,,PENDING
raw\ThePunjabSpecialPowersAct19565B15D.pdf,raw,ThePunjabSpecialPowersAct19565B15D.pdf,16.0,,,PENDING
raw\TheRashtriyaRakshaUniversityAct2020_05012021_15B15D.pdf,raw,TheRashtriyaRakshaUniversityAct2020_05012021_15B15D.pdf,329.7,,,PENDING
raw\The_Registration_of_Foreigners_Act_19395B15D.pdf,raw,The_Registration_of_Foreigners_Act_19395B15D.pdf,14.5,,,PENDING
raw\Transfer_prisoners_act19505B15D.pdf,raw,Transfer_prisoners_act19505B15D.pdf,13.6,,,PENDING
raw\Transfer_prisoners_act19505B15D_0.pdf,raw,Transfer_prisoners_act19505B15D_0.pdf,13.6,,,PENDING
raw\UpdatedGovernorsRules1987_051120185B15D.pdf,raw,UpdatedGovernorsRules1987_051120185B15D.pdf,101.1,,,PENDING
raw\UpdatedPresidentPensionRules1962_110520185B15D.pdf,raw,UpdatedPresidentPensionRules1962_110520185B15D.pdf,41.4,,,PENDING
raw\UpdatedVicePresidentRules1999_11052018_15B15D.pdf,raw,UpdatedVicePresidentRules1999_11052018_15B15D.pdf,30.9,,,PENDING
raw\UPReogAct2000_1309135B15D.PDF,raw,UPReogAct2000_1309135B15D.PDF,679.9,,,PENDING
raw\UPReogAct2000_1309135B15D_0.PDF,raw,UPReogAct2000_1309135B15D_0.PDF,679.9,,,PENDING
raw\userGuide.pdf,raw,userGuide.pdf,1398.4,,,PENDING
raw\userGuide_ac02fd83.pdf,raw,userGuide_ac02fd83.pdf,1398.4,,,PENDING
raw\UTdiv_Act_3112019_05B15D.pdf,raw,UTdiv_Act_3112019_05B15D.pdf,701.5,,,PENDING
raw\VicePresidentActupto2018_090820185B15D.pdf,raw,VicePresidentActupto2018_090820185B15D.pdf,21.6,,,PENDING
raw\VicePresidentActupto2018_090820185B15D_0.pdf,raw,VicePresidentActupto2018_090820185B15D_0.pdf,21.6,,,PENDING
raw\VicePresidentRulesupto2018_090820185B15D.pdf,raw,VicePresidentRulesupto2018_090820185B15D.pdf,30.9,,,PENDING
raw\Vice_presidents_pension_act19975B15D.pdf,raw,Vice_presidents_pension_act19975B15D.pdf,17.7,,,PENDING
raw\Vice_presidents_pension_act19975B15D_0.pdf,raw,Vice_presidents_pension_act19975B15D_0.pdf,17.7,,,PENDING
raw\WP-No.32027W.pdf,raw,WP-No.32027W.pdf,1516.4,,,PENDING
raw\Young_Persons_Harmful2520Publication_2520Act19565B15D.pdf,raw,Young_Persons_Harmful2520Publication_2520Act19565B15D.pdf,13.3,,,PENDING
processed_corpus\_work\extracted_input\raw\01-original.pdf,processed_corpus\_work\extracted_input\raw,01-original.pdf,6679.3,,01,PENDING
processed_corpus\_work\extracted_input\raw\12175.pdf,processed_corpus\_work\extracted_input\raw,12175.pdf,1911.7,,,PENDING
processed_corpus\_work\extracted_input\raw\12782.pdf,processed_corpus\_work\extracted_input\raw,12782.pdf,2199.5,,,PENDING
processed_corpus\_work\extracted_input\raw\16it.pdf,processed_corpus\_work\extracted_input\raw,16it.pdf,279.8,,,PENDING
processed_corpus\_work\extracted_input\raw\2011amendmentinDMCAct1957_290420175B15D.pdf,processed_corpus\_work\extracted_input\raw,2011amendmentinDMCAct1957_290420175B15D.pdf,19820.2,,,PENDING
processed_corpus\_work\extracted_input\raw\250882_english_01042024_0.pdf,processed_corpus\_work\extracted_input\raw,250882_english_01042024_0.pdf,654.7,,,PENDING
processed_corpus\_work\extracted_input\raw\250883_english_01042024.pdf,processed_corpus\_work\extracted_input\raw,250883_english_01042024.pdf,1293.2,,,PENDING
processed_corpus\_work\extracted_input\raw\250884_2_english_01042024.pdf,processed_corpus\_work\extracted_input\raw,250884_2_english_01042024.pdf,1985.5,,,PENDING
processed_corpus\_work\extracted_input\raw\32.d3.pdf,processed_corpus\_work\extracted_input\raw,32.d3.pdf,8990.1,,32,PENDING
processed_corpus\_work\extracted_input\raw\33.dhc.pdf,processed_corpus\_work\extracted_input\raw,33.dhc.pdf,9095.8,,33,PENDING
processed_corpus\_work\extracted_input\raw\33673_2026_1_12_72183_order_24-jul-2026.pdf,processed_corpus\_work\extracted_input\raw,33673_2026_1_12_72183_order_24-jul-2026.pdf,195.4,,,PENDING
processed_corpus\_work\extracted_input\raw\33673_2026_1_12_72183_order_24-jul-2026_f8eabecf.pdf,processed_corpus\_work\extracted_input\raw,33673_2026_1_12_72183_order_24-jul-2026_f8eabecf.pdf,195.4,,,PENDING
processed_corpus\_work\extracted_input\raw\34.pdf,processed_corpus\_work\extracted_input\raw,34.pdf,6362.2,,34,PENDING
processed_corpus\_work\extracted_input\raw\59605082026CRLMM29002021_181558.pdf,processed_corpus\_work\extracted_input\raw,59605082026CRLMM29002021_181558.pdf,1368.2,,,PENDING
processed_corpus\_work\extracted_input\raw\60804082026BA17122026_174305.pdf,processed_corpus\_work\extracted_input\raw,60804082026BA17122026_174305.pdf,846.1,,,PENDING
processed_corpus\_work\extracted_input\raw\60804082026BA31102026_174347.pdf,processed_corpus\_work\extracted_input\raw,60804082026BA31102026_174347.pdf,793.3,,,PENDING
processed_corpus\_work\extracted_input\raw\60805082026BA31232026_174505.pdf,processed_corpus\_work\extracted_input\raw,60805082026BA31232026_174505.pdf,804.4,,,PENDING
processed_corpus\_work\extracted_input\raw\60805082026CRLMM10872026_174424.pdf,processed_corpus\_work\extracted_input\raw,60805082026CRLMM10872026_174424.pdf,763.9,,,PENDING
processed_corpus\_work\extracted_input\raw\60805082026CRLMM19792026_174148.pdf,processed_corpus\_work\extracted_input\raw,60805082026CRLMM19792026_174148.pdf,875.1,,,PENDING
processed_corpus\_work\extracted_input\raw\60805082026CRLRMAT5112025_174251.pdf,processed_corpus\_work\extracted_input\raw,60805082026CRLRMAT5112025_174251.pdf,793.2,,,PENDING
processed_corpus\_work\extracted_input\raw\62exam.pdf,processed_corpus\_work\extracted_input\raw,62exam.pdf,1044.4,,,PENDING
processed_corpus\_work\extracted_input\raw\66-exams-nj.pdf,processed_corpus\_work\extracted_input\raw,66-exams-nj.pdf,145.6,,66,PENDING
processed_corpus\_work\extracted_input\raw\66-exams-nj_8cd2d59f.pdf,processed_corpus\_work\extracted_input\raw,66-exams-nj_8cd2d59f.pdf,145.6,,66,PENDING
processed_corpus\_work\extracted_input\raw\67905082026CMM18452023_190800.pdf,processed_corpus\_work\extracted_input\raw,67905082026CMM18452023_190800.pdf,670.6,,,PENDING
processed_corpus\_work\extracted_input\raw\68-it_cell.pdf,processed_corpus\_work\extracted_input\raw,68-it_cell.pdf,765.5,,68,PENDING
processed_corpus\_work\extracted_input\raw\74905082026FAOC822026_132213.pdf,processed_corpus\_work\extracted_input\raw,74905082026FAOC822026_132213.pdf,666.1,,,PENDING
processed_corpus\_work\extracted_input\raw\75504082026CRLA3482026_213422.pdf,processed_corpus\_work\extracted_input\raw,75504082026CRLA3482026_213422.pdf,438.4,,,PENDING
processed_corpus\_work\extracted_input\raw\76005082026CRLA8442017_144004.pdf,processed_corpus\_work\extracted_input\raw,76005082026CRLA8442017_144004.pdf,688.9,,,PENDING
processed_corpus\_work\extracted_input\raw\A2013-18.pdf,processed_corpus\_work\extracted_input\raw,A2013-18.pdf,3205.0,,18,PENDING
processed_corpus\_work\extracted_input\raw\ActAndRuleThe2520ArmsAct_171220195B15D.pdf,processed_corpus\_work\extracted_input\raw,ActAndRuleThe2520ArmsAct_171220195B15D.pdf,694.2,,,PENDING
processed_corpus\_work\extracted_input\raw\ActAndRule_TheSpecialProtectingGroup_171220195B15D.PDF,processed_corpus\_work\extracted_input\raw,ActAndRule_TheSpecialProtectingGroup_171220195B15D.PDF,830.1,,,PENDING
processed_corpus\_work\extracted_input\raw\ACT_CTCR_300820195B15D.pdf,processed_corpus\_work\extracted_input\raw,ACT_CTCR_300820195B15D.pdf,935.7,,,PENDING
processed_corpus\_work\extracted_input\raw\ACT_CTCR_UnlawfulActivitiest_300820195B15D.pdf,processed_corpus\_work\extracted_input\raw,ACT_CTCR_UnlawfulActivitiest_300820195B15D.pdf,1048.3,,,PENDING
processed_corpus\_work\extracted_input\raw\admit_card_dhjs_2026.pdf,processed_corpus\_work\extracted_input\raw,admit_card_dhjs_2026.pdf,11.4,,,PENDING
processed_corpus\_work\extracted_input\raw\adv-eng_dhjs-2026.pdf,processed_corpus\_work\extracted_input\raw,adv-eng_dhjs-2026.pdf,264.3,,,PENDING
processed_corpus\_work\extracted_input\raw\adv-eng_dhjs-2026_099d6ba0.pdf,processed_corpus\_work\extracted_input\raw,adv-eng_dhjs-2026_099d6ba0.pdf,264.3,,,PENDING
processed_corpus\_work\extracted_input\raw\advertisement_for_senior_faculty_member.pdf,processed_corpus\_work\extracted_input\raw,advertisement_for_senior_faculty_member.pdf,362.8,,,PENDING
processed_corpus\_work\extracted_input\raw\AmendmenttotheEnemyPropertyAct_110120165B15D.PDF,processed_corpus\_work\extracted_input\raw,AmendmenttotheEnemyPropertyAct_110120165B15D.PDF,134.1,,,PENDING
processed_corpus\_work\extracted_input\raw\answer_key_dhjs.pdf,processed_corpus\_work\extracted_input\raw,answer_key_dhjs.pdf,76.4,,,PENDING
processed_corpus\_work\extracted_input\raw\answer_key_dhjs_acda5f06.pdf,processed_corpus\_work\extracted_input\raw,answer_key_dhjs_acda5f06.pdf,76.4,,,PENDING
processed_corpus\_work\extracted_input\raw\answer_key_dhjs_cc2feeeb.pdf,processed_corpus\_work\extracted_input\raw,answer_key_dhjs_cc2feeeb.pdf,76.4,,,PENDING
processed_corpus\_work\extracted_input\raw\apply_link_for_dhjs_2026.pdf,processed_corpus\_work\extracted_input\raw,apply_link_for_dhjs_2026.pdf,4.4,,,PENDING
processed_corpus\_work\extracted_input\raw\APRegACT2014_015B15D.pdf,processed_corpus\_work\extracted_input\raw,APRegACT2014_015B15D.pdf,28.5,,,PENDING
processed_corpus\_work\extracted_input\raw\APRegACT2014_015B15D_0.pdf,processed_corpus\_work\extracted_input\raw,APRegACT2014_015B15D_0.pdf,28.5,,,PENDING
processed_corpus\_work\extracted_input\raw\APRegACT2014_05B15D.pdf,processed_corpus\_work\extracted_input\raw,APRegACT2014_05B15D.pdf,205.4,,,PENDING
processed_corpus\_work\extracted_input\raw\APRegACT2014_05B15D_0.pdf,processed_corpus\_work\extracted_input\raw,APRegACT2014_05B15D_0.pdf,205.4,,,PENDING
processed_corpus\_work\extracted_input\raw\AR-Rules252020105B15D.pdf,processed_corpus\_work\extracted_input\raw,AR-Rules252020105B15D.pdf,777.9,,,PENDING
processed_corpus\_work\extracted_input\raw\armed_forces_special_powers_act19585B15D.pdf,processed_corpus\_work\extracted_input\raw,armed_forces_special_powers_act19585B15D.pdf,18.8,,,PENDING
processed_corpus\_work\extracted_input\raw\arms2520act-19595B15D.pdf,processed_corpus\_work\extracted_input\raw,arms2520act-19595B15D.pdf,58.6,,,PENDING
processed_corpus\_work\extracted_input\raw\AssamRifesAct20065B15D.pdf,processed_corpus\_work\extracted_input\raw,AssamRifesAct20065B15D.pdf,10085.8,,,PENDING
processed_corpus\_work\extracted_input\raw\AssitantCustodian28E29_1311145B15D.pdf,processed_corpus\_work\extracted_input\raw,AssitantCustodian28E29_1311145B15D.pdf,16.7,,,PENDING
processed_corpus\_work\extracted_input\raw\AuthenticationOrder20025B15D.pdf,processed_corpus\_work\extracted_input\raw,AuthenticationOrder20025B15D.pdf,14425.3,,,PENDING
processed_corpus\_work\extracted_input\raw\Ayodhya_Act19935B15D.pdf,processed_corpus\_work\extracted_input\raw,Ayodhya_Act19935B15D.pdf,45.0,,,PENDING
processed_corpus\_work\extracted_input\raw\bank_account_details_dhc.pdf,processed_corpus\_work\extracted_input\raw,bank_account_details_dhc.pdf,104.5,,,PENDING
processed_corpus\_work\extracted_input\raw\bcbc61df3b552a46b7155303bedf6a75830021414aa81943d4d469ea40fe56e61785957183.pdf,processed_corpus\_work\extracted_input\raw,bcbc61df3b552a46b7155303bedf6a75830021414aa81943d4d469ea40fe56e61785957183.pdf,532.9,,,PENDING
processed_corpus\_work\extracted_input\raw\BiharReorAct2000_1309135B15D.PDF,processed_corpus\_work\extracted_input\raw,BiharReorAct2000_1309135B15D.PDF,737.0,,,PENDING
processed_corpus\_work\extracted_input\raw\BiharReorAct2000_1309135B15D_0.PDF,processed_corpus\_work\extracted_input\raw,BiharReorAct2000_1309135B15D_0.PDF,737.0,,,PENDING
processed_corpus\_work\extracted_input\raw\BM-GSR-556E_05B15D.pdf,processed_corpus\_work\extracted_input\raw,BM-GSR-556E_05B15D.pdf,8303.7,,,PENDING
processed_corpus\_work\extracted_input\raw\bsfAct26Rules5B15D.pdf,processed_corpus\_work\extracted_input\raw,bsfAct26Rules5B15D.pdf,5541.4,,,PENDING
processed_corpus\_work\extracted_input\raw\bsfAct26Rules_05B15D.pdf,processed_corpus\_work\extracted_input\raw,bsfAct26Rules_05B15D.pdf,5541.4,,,PENDING
processed_corpus\_work\extracted_input\raw\ccp19735B15D.pdf,processed_corpus\_work\extracted_input\raw,ccp19735B15D.pdf,628.6,,,PENDING
processed_corpus\_work\extracted_input\raw\CDAct1968_290520205B15D.pdf,processed_corpus\_work\extracted_input\raw,CDAct1968_290520205B15D.pdf,962.1,,,PENDING
processed_corpus\_work\extracted_input\raw\CDRegulation1968_290520205B15D.pdf,processed_corpus\_work\extracted_input\raw,CDRegulation1968_290520205B15D.pdf,1705.6,,,PENDING
processed_corpus\_work\extracted_input\raw\CDRules1968_290520205B15D.pdf,processed_corpus\_work\extracted_input\raw,CDRules1968_290520205B15D.pdf,112.1,,,PENDING
processed_corpus\_work\extracted_input\raw\census_act_19485B15D.pdf,processed_corpus\_work\extracted_input\raw,census_act_19485B15D.pdf,92.2,,,PENDING
processed_corpus\_work\extracted_input\raw\census_rules_1990_05B15D.pdf,processed_corpus\_work\extracted_input\raw,census_rules_1990_05B15D.pdf,72.3,,,PENDING
processed_corpus\_work\extracted_input\raw\Certificate-of-MHA.pdf,processed_corpus\_work\extracted_input\raw,Certificate-of-MHA.pdf,590.7,,,PENDING
processed_corpus\_work\extracted_input\raw\Certificate-of-MHA_bf670d4c.pdf,processed_corpus\_work\extracted_input\raw,Certificate-of-MHA_bf670d4c.pdf,590.7,,,PENDING
processed_corpus\_work\extracted_input\raw\Chif_gurudwara_rules_2010145B15D.PDF,processed_corpus\_work\extracted_input\raw,Chif_gurudwara_rules_2010145B15D.PDF,57.7,,,PENDING
processed_corpus\_work\extracted_input\raw\CIAct19525B15D.pdf,processed_corpus\_work\extracted_input\raw,CIAct19525B15D.pdf,25.2,,,PENDING
processed_corpus\_work\extracted_input\raw\cisfact19685B15D.pdf,processed_corpus\_work\extracted_input\raw,cisfact19685B15D.pdf,60.0,,,PENDING
processed_corpus\_work\extracted_input\raw\cisfrules20015B15D.pdf,processed_corpus\_work\extracted_input\raw,cisfrules20015B15D.pdf,198.6,,,PENDING
processed_corpus\_work\extracted_input\raw\CitizenshipAct1955_02012025_0.pdf,processed_corpus\_work\extracted_input\raw,CitizenshipAct1955_02012025_0.pdf,603.4,,,PENDING
processed_corpus\_work\extracted_input\raw\citizenship_rules2003_05B15D.pdf,processed_corpus\_work\extracted_input\raw,citizenship_rules2003_05B15D.pdf,95.8,,,PENDING
processed_corpus\_work\extracted_input\raw\combinbed_pro_05.08.2026.pdf,processed_corpus\_work\extracted_input\raw,combinbed_pro_05.08.2026.pdf,526.6,,08,PENDING
processed_corpus\_work\extracted_input\raw\combined_pro_31.07.2026.pdf,processed_corpus\_work\extracted_input\raw,combined_pro_31.07.2026.pdf,650.2,,07,PENDING
processed_corpus\_work\extracted_input\raw\Compoundingnotification06062018_15B15D.pdf,processed_corpus\_work\extracted_input\raw,Compoundingnotification06062018_15B15D.pdf,1762.8,,,PENDING
processed_corpus\_work\extracted_input\raw\CPA2019 - Copy.pdf,processed_corpus\_work\extracted_input\raw,CPA2019 - Copy.pdf,1208.0,,,PENDING
processed_corpus\_work\extracted_input\raw\CPA2019.pdf,processed_corpus\_work\extracted_input\raw,CPA2019.pdf,1208.0,,,PENDING
processed_corpus\_work\extracted_input\raw\CriminalLawAmendmendAct2C20055B15D.pdf,processed_corpus\_work\extracted_input\raw,CriminalLawAmendmendAct2C20055B15D.pdf,105.7,,,PENDING
processed_corpus\_work\extracted_input\raw\CriminalLawAmendmentAct19615B15D.pdf,processed_corpus\_work\extracted_input\raw,CriminalLawAmendmentAct19615B15D.pdf,13.9,,,PENDING
processed_corpus\_work\extracted_input\raw\crpf_act19495B15D.pdf,processed_corpus\_work\extracted_input\raw,crpf_act19495B15D.pdf,28.0,,,PENDING
processed_corpus\_work\extracted_input\raw\crpf_rules19555B15D.pdf,processed_corpus\_work\extracted_input\raw,crpf_rules19555B15D.pdf,178.6,,,PENDING
processed_corpus\_work\extracted_input\raw\CSCorr_1610145B15D.pdf,processed_corpus\_work\extracted_input\raw,CSCorr_1610145B15D.pdf,790.6,,,PENDING
processed_corpus\_work\extracted_input\raw\CSCorr_1610145B15D_0.pdf,processed_corpus\_work\extracted_input\raw,CSCorr_1610145B15D_0.pdf,790.6,,,PENDING
processed_corpus\_work\extracted_input\raw\CSdivTheCriminalLawAct_14082018_25B15D.pdf,processed_corpus\_work\extracted_input\raw,CSdivTheCriminalLawAct_14082018_25B15D.pdf,1606.8,,,PENDING
processed_corpus\_work\extracted_input\raw\CTCRdiv_UnlawfulActivitiesAct1967_09012020_05B15D.PDF,processed_corpus\_work\extracted_input\raw,CTCRdiv_UnlawfulActivitiesAct1967_09012020_05B15D.PDF,1064.0,,,PENDING
processed_corpus\_work\extracted_input\raw\DANICS_DANIPS_RULES_20035B15D.pdf,processed_corpus\_work\extracted_input\raw,DANICS_DANIPS_RULES_20035B15D.pdf,183.7,,,PENDING
processed_corpus\_work\extracted_input\raw\DeclarationoftheNationalLiberation_301120185B15D_0.pdf,processed_corpus\_work\extracted_input\raw,DeclarationoftheNationalLiberation_301120185B15D_0.pdf,31.0,,,PENDING
processed_corpus\_work\extracted_input\raw\DelhiMunicipalCorporationAct-1957_290420175B15D.pdf,processed_corpus\_work\extracted_input\raw,DelhiMunicipalCorporationAct-1957_290420175B15D.pdf,1799.1,,,PENDING
processed_corpus\_work\extracted_input\raw\DM_Athority_rules20065B15D.pdf,processed_corpus\_work\extracted_input\raw,DM_Athority_rules20065B15D.pdf,109.8,,,PENDING
processed_corpus\_work\extracted_input\raw\DM_NEC_Rules20065B15D.pdf,processed_corpus\_work\extracted_input\raw,DM_NEC_Rules20065B15D.pdf,372.4,,,PENDING
processed_corpus\_work\extracted_input\raw\DM_NIDM_rules20065B15D.pdf,processed_corpus\_work\extracted_input\raw,DM_NIDM_rules20065B15D.pdf,459.1,,,PENDING
processed_corpus\_work\extracted_input\raw\DM_Regulation20065B15D.pdf,processed_corpus\_work\extracted_input\raw,DM_Regulation20065B15D.pdf,679.8,,,PENDING
processed_corpus\_work\extracted_input\raw\download_admit_card_for_chfr25.pdf,processed_corpus\_work\extracted_input\raw,download_admit_card_for_chfr25.pdf,49.6,,,PENDING
processed_corpus\_work\extracted_input\raw\download_admit_card_for_chfr25_0.pdf,processed_corpus\_work\extracted_input\raw,download_admit_card_for_chfr25_0.pdf,49.6,,,PENDING
processed_corpus\_work\extracted_input\raw\E-gazette5B15D.pdf,processed_corpus\_work\extracted_input\raw,E-gazette5B15D.pdf,104.4,,,PENDING
processed_corpus\_work\extracted_input\raw\Emblem-Rules20075B15D.pdf,processed_corpus\_work\extracted_input\raw,Emblem-Rules20075B15D.pdf,4111.6,,,PENDING
processed_corpus\_work\extracted_input\raw\EnemyPropertyFourthOrdinanceDated280820165B15D.pdf,processed_corpus\_work\extracted_input\raw,EnemyPropertyFourthOrdinanceDated280820165B15D.pdf,1376.0,,,PENDING
processed_corpus\_work\extracted_input\raw\EnemyProperty_ThirdOrdiance_31-05-20165B15D.pdf,processed_corpus\_work\extracted_input\raw,EnemyProperty_ThirdOrdiance_31-05-20165B15D.pdf,698.8,,05,PENDING
processed_corpus\_work\extracted_input\raw\ExplosiveSubstancesAct19085B15D.pdf,processed_corpus\_work\extracted_input\raw,ExplosiveSubstancesAct19085B15D.pdf,12.9,,,PENDING
processed_corpus\_work\extracted_input\raw\FC-RegulationAct-2010-C5B15D.pdf,processed_corpus\_work\extracted_input\raw,FC-RegulationAct-2010-C5B15D.pdf,7935.3,,,PENDING
processed_corpus\_work\extracted_input\raw\FC-rules20115B15D.pdf,processed_corpus\_work\extracted_input\raw,FC-rules20115B15D.pdf,2781.5,,,PENDING
processed_corpus\_work\extracted_input\raw\FCRAAMENDMENT2020_MHANotification_091020205B15D.pdf,processed_corpus\_work\extracted_input\raw,FCRAAMENDMENT2020_MHANotification_091020205B15D.pdf,856.1,,,PENDING
processed_corpus\_work\extracted_input\raw\fr_rules_19925B15D.pdf,processed_corpus\_work\extracted_input\raw,fr_rules_19925B15D.pdf,3342.8,,,PENDING
processed_corpus\_work\extracted_input\raw\gazette-dm5B15D.pdf,processed_corpus\_work\extracted_input\raw,gazette-dm5B15D.pdf,999.5,,,PENDING
processed_corpus\_work\extracted_input\raw\GazetteNotificationforRRURules_05012021_05B15D.pdf,processed_corpus\_work\extracted_input\raw,GazetteNotificationforRRURules_05012021_05B15D.pdf,1751.7,,,PENDING
processed_corpus\_work\extracted_input\raw\GazetteofIndia_09015B15D.pdf,processed_corpus\_work\extracted_input\raw,GazetteofIndia_09015B15D.pdf,1206.4,,,PENDING
processed_corpus\_work\extracted_input\raw\GovAmendActPublis_51828E29_20145B15D.pdf,processed_corpus\_work\extracted_input\raw,GovAmendActPublis_51828E29_20145B15D.pdf,147.8,,,PENDING
processed_corpus\_work\extracted_input\raw\GovEAPAmendmentAct2014_05B15D.pdf,processed_corpus\_work\extracted_input\raw,GovEAPAmendmentAct2014_05B15D.pdf,75.7,,,PENDING
processed_corpus\_work\extracted_input\raw\GovEAPAmendmentAct2014_05B15D_0.pdf,processed_corpus\_work\extracted_input\raw,GovEAPAmendmentAct2014_05B15D_0.pdf,75.7,,,PENDING
processed_corpus\_work\extracted_input\raw\GovernmentNationalCapitalTerritoryAct5B15D.pdf,processed_corpus\_work\extracted_input\raw,GovernmentNationalCapitalTerritoryAct5B15D.pdf,85.4,,,PENDING
processed_corpus\_work\extracted_input\raw\GovernmentUnionterritoriesAct19635B15D.pdf,processed_corpus\_work\extracted_input\raw,GovernmentUnionterritoriesAct19635B15D.pdf,158.2,,,PENDING
processed_corpus\_work\extracted_input\raw\GOVERNORSEmoluments_Act19825B15D.pdf,processed_corpus\_work\extracted_input\raw,GOVERNORSEmoluments_Act19825B15D.pdf,78.9,,,PENDING
processed_corpus\_work\extracted_input\raw\GOVERNORSEmoluments_Act19825B15D_0.pdf,processed_corpus\_work\extracted_input\raw,GOVERNORSEmoluments_Act19825B15D_0.pdf,78.9,,,PENDING
processed_corpus\_work\extracted_input\raw\GovrnorsActs26Rules_09082018_05B15D.pdf,processed_corpus\_work\extracted_input\raw,GovrnorsActs26Rules_09082018_05B15D.pdf,115.1,,,PENDING
processed_corpus\_work\extracted_input\raw\GovrnorsActs26Rules_09082018_05B15D_0.pdf,processed_corpus\_work\extracted_input\raw,GovrnorsActs26Rules_09082018_05B15D_0.pdf,115.1,,,PENDING
processed_corpus\_work\extracted_input\raw\important_instructions_dhjs-2026.pdf,processed_corpus\_work\extracted_input\raw,important_instructions_dhjs-2026.pdf,689.5,,,PENDING
processed_corpus\_work\extracted_input\raw\important_instructions_dhjs-2026_0.pdf,processed_corpus\_work\extracted_input\raw,important_instructions_dhjs-2026_0.pdf,689.5,,,PENDING
processed_corpus\_work\extracted_input\raw\Investigation2520of2520High2520Quality2520Counterfeit2520Indian2520Currency2520Offences2520Rules2C252020135B15D.PDF,processed_corpus\_work\extracted_input\raw,Investigation2520of2520High2520Quality2520Counterfeit2520Indian2520Currency2520Offences2520Rules2C252020135B15D.PDF,155.6,,,PENDING
processed_corpus\_work\extracted_input\raw\IPC18605B15D.pdf,processed_corpus\_work\extracted_input\raw,IPC18605B15D.pdf,358.2,IPC->BNS,,PENDING
processed_corpus\_work\extracted_input\raw\IS_IIActs_280820185B15D.pdf,processed_corpus\_work\extracted_input\raw,IS_IIActs_280820185B15D.pdf,122.8,,,PENDING
processed_corpus\_work\extracted_input\raw\ITBP-Act19925B15D.pdf,processed_corpus\_work\extracted_input\raw,ITBP-Act19925B15D.pdf,185.1,,,PENDING
processed_corpus\_work\extracted_input\raw\ITBP-Rule-19945B15D.pdf,processed_corpus\_work\extracted_input\raw,ITBP-Rule-19945B15D.pdf,376.7,,,PENDING
processed_corpus\_work\extracted_input\raw\jud-03082026_odtt.pdf,processed_corpus\_work\extracted_input\raw,jud-03082026_odtt.pdf,11.6,,,PENDING
processed_corpus\_work\extracted_input\raw\jud-03082026_odtt_0.pdf,processed_corpus\_work\extracted_input\raw,jud-03082026_odtt_0.pdf,75.1,,,PENDING
processed_corpus\_work\extracted_input\raw\jud-03082026_odtt_1.pdf,processed_corpus\_work\extracted_input\raw,jud-03082026_odtt_1.pdf,54.4,,,PENDING
processed_corpus\_work\extracted_input\raw\jud-04082026.odtttt.pdf,processed_corpus\_work\extracted_input\raw,jud-04082026.odtttt.pdf,52.6,,,PENDING
processed_corpus\_work\extracted_input\raw\jud-05082026.odttttt.pdf,processed_corpus\_work\extracted_input\raw,jud-05082026.odttttt.pdf,75.4,,,PENDING
processed_corpus\_work\extracted_input\raw\jud-05082026.odttttt_0.pdf,processed_corpus\_work\extracted_input\raw,jud-05082026.odttttt_0.pdf,70.1,,,PENDING
processed_corpus\_work\extracted_input\raw\jud-05082026.odttttt_1.pdf,processed_corpus\_work\extracted_input\raw,jud-05082026.odttttt_1.pdf,10.9,,,PENDING
processed_corpus\_work\extracted_input\raw\jud-31072026.odtt.pdf,processed_corpus\_work\extracted_input\raw,jud-31072026.odtt.pdf,54.4,,,PENDING
processed_corpus\_work\extracted_input\raw\jud_01_for_31.07.2026_1.pdf,processed_corpus\_work\extracted_input\raw,jud_01_for_31.07.2026_1.pdf,731.5,,07,PENDING
processed_corpus\_work\extracted_input\raw\jud_1_for_03.08.2026.pdf,processed_corpus\_work\extracted_input\raw,jud_1_for_03.08.2026.pdf,437.0,,08,PENDING
processed_corpus\_work\extracted_input\raw\j_03082026.pdf,processed_corpus\_work\extracted_input\raw,j_03082026.pdf,662.8,,,PENDING
processed_corpus\_work\extracted_input\raw\LAPI-Act-0808115B15D.pdf,processed_corpus\_work\extracted_input\raw,LAPI-Act-0808115B15D.pdf,11530.8,,,PENDING
processed_corpus\_work\extracted_input\raw\LotteriesAct-19985B15D.pdf,processed_corpus\_work\extracted_input\raw,LotteriesAct-19985B15D.pdf,35.4,,,PENDING
processed_corpus\_work\extracted_input\raw\LotteriesAct-19985B15D_0.pdf,processed_corpus\_work\extracted_input\raw,LotteriesAct-19985B15D_0.pdf,35.4,,,PENDING
processed_corpus\_work\extracted_input\raw\MinisterAct1952_0807145B15D.pdf,processed_corpus\_work\extracted_input\raw,MinisterAct1952_0807145B15D.pdf,16.6,,,PENDING
processed_corpus\_work\extracted_input\raw\MinisterAct1952_0807145B15D_0.pdf,processed_corpus\_work\extracted_input\raw,MinisterAct1952_0807145B15D_0.pdf,16.6,,,PENDING
processed_corpus\_work\extracted_input\raw\MinistersAllowanceRules1957_35B15D.pdf,processed_corpus\_work\extracted_input\raw,MinistersAllowanceRules1957_35B15D.pdf,66.3,,,PENDING
processed_corpus\_work\extracted_input\raw\MinistersResidenceRules19625B15D.pdf,processed_corpus\_work\extracted_input\raw,MinistersResidenceRules19625B15D.pdf,19.6,,,PENDING
processed_corpus\_work\extracted_input\raw\MPReorgAct2000_1309135B15D.PDF,processed_corpus\_work\extracted_input\raw,MPReorgAct2000_1309135B15D.PDF,795.6,,,PENDING
processed_corpus\_work\extracted_input\raw\MPReorgAct2000_1309135B15D_0.PDF,processed_corpus\_work\extracted_input\raw,MPReorgAct2000_1309135B15D_0.PDF,795.6,,,PENDING
processed_corpus\_work\extracted_input\raw\NationalSecAmndmntAct19845B15D.pdf,processed_corpus\_work\extracted_input\raw,NationalSecAmndmntAct19845B15D.pdf,3546.0,,,PENDING
processed_corpus\_work\extracted_input\raw\NBK04082026RFA732025_172059.pdf,processed_corpus\_work\extracted_input\raw,NBK04082026RFA732025_172059.pdf,801.4,,,PENDING
processed_corpus\_work\extracted_input\raw\NBK04082026RSA1852024_172035.pdf,processed_corpus\_work\extracted_input\raw,NBK04082026RSA1852024_172035.pdf,493.1,,,PENDING
processed_corpus\_work\extracted_input\raw\NBK04082026RSA572018_171930.pdf,processed_corpus\_work\extracted_input\raw,NBK04082026RSA572018_171930.pdf,820.9,,,PENDING
processed_corpus\_work\extracted_input\raw\NDMCACT19441_290420175B15D.pdf,processed_corpus\_work\extracted_input\raw,NDMCACT19441_290420175B15D.pdf,27120.2,,,PENDING
processed_corpus\_work\extracted_input\raw\NDM_Noti1708095B15D.pdf,processed_corpus\_work\extracted_input\raw,NDM_Noti1708095B15D.pdf,3143.8,,,PENDING
processed_corpus\_work\extracted_input\raw\Noti2186-0208135B15D.pdf,processed_corpus\_work\extracted_input\raw,Noti2186-0208135B15D.pdf,3099.5,,,PENDING
processed_corpus\_work\extracted_input\raw\Noti80EAllowPrivAmendRule2015_0904155B15D.pdf,processed_corpus\_work\extracted_input\raw,Noti80EAllowPrivAmendRule2015_0904155B15D.pdf,999.1,,,PENDING
processed_corpus\_work\extracted_input\raw\NotiAPReOrgAct_1504145B15D.pdf,processed_corpus\_work\extracted_input\raw,NotiAPReOrgAct_1504145B15D.pdf,226.0,,,PENDING
processed_corpus\_work\extracted_input\raw\NotiAPReOrgAct_1504145B15D_0.pdf,processed_corpus\_work\extracted_input\raw,NotiAPReOrgAct_1504145B15D_0.pdf,226.0,,,PENDING
processed_corpus\_work\extracted_input\raw\notice_of_dhjs.pdf,processed_corpus\_work\extracted_input\raw,notice_of_dhjs.pdf,1571.5,,,PENDING
processed_corpus\_work\extracted_input\raw\notice_of_dhjs_dd62606e.pdf,processed_corpus\_work\extracted_input\raw,notice_of_dhjs_dd62606e.pdf,1571.5,,,PENDING
processed_corpus\_work\extracted_input\raw\notice_of_dhjs_fc15e954.pdf,processed_corpus\_work\extracted_input\raw,notice_of_dhjs_fc15e954.pdf,1571.5,,,PENDING
processed_corpus\_work\extracted_input\raw\NotiCustodian2520of2520Enemy2520Property612E_2909145B15D.pdf,processed_corpus\_work\extracted_input\raw,NotiCustodian2520of2520Enemy2520Property612E_2909145B15D.pdf,2710.7,,,PENDING
processed_corpus\_work\extracted_input\raw\NotiDeputyCustodianofEnemyProperty613E_2909145B15D.pdf,processed_corpus\_work\extracted_input\raw,NotiDeputyCustodianofEnemyProperty613E_2909145B15D.pdf,3836.9,,,PENDING
processed_corpus\_work\extracted_input\raw\NotificationCivilServicesAmedmentRule_0807165B15D.pdf,processed_corpus\_work\extracted_input\raw,NotificationCivilServicesAmedmentRule_0807165B15D.pdf,142.3,,,PENDING
processed_corpus\_work\extracted_input\raw\Notification_061020205B15D.pdf,processed_corpus\_work\extracted_input\raw,Notification_061020205B15D.pdf,1075.2,,,PENDING
processed_corpus\_work\extracted_input\raw\NotiSikhGurdwarasActAmendment_1205165B15D.PDF,processed_corpus\_work\extracted_input\raw,NotiSikhGurdwarasActAmendment_1205165B15D.PDF,24.1,,,PENDING
processed_corpus\_work\extracted_input\raw\NSGAct19865B15D.pdf,processed_corpus\_work\extracted_input\raw,NSGAct19865B15D.pdf,126.7,,,PENDING
processed_corpus\_work\extracted_input\raw\NSGRules19875B15D.pdf,processed_corpus\_work\extracted_input\raw,NSGRules19875B15D.pdf,218.2,,,PENDING
processed_corpus\_work\extracted_input\raw\odishaAlterationAct20115B15D.pdf,processed_corpus\_work\extracted_input\raw,odishaAlterationAct20115B15D.pdf,362.4,,,PENDING
processed_corpus\_work\extracted_input\raw\odishaAlterationAct20115B15D_0.pdf,processed_corpus\_work\extracted_input\raw,odishaAlterationAct20115B15D_0.pdf,362.4,,,PENDING
processed_corpus\_work\extracted_input\raw\Official_Secret_Act19235B15D.pdf,processed_corpus\_work\extracted_input\raw,Official_Secret_Act19235B15D.pdf,31.5,,,PENDING
processed_corpus\_work\extracted_input\raw\OSA25201923_25042017_05B15D.pdf,processed_corpus\_work\extracted_input\raw,OSA25201923_25042017_05B15D.pdf,3990.7,,,PENDING
processed_corpus\_work\extracted_input\raw\Paper_4_Business_Law_&_Management_CSEET_18122025.pdf,processed_corpus\_work\extracted_input\raw,Paper_4_Business_Law_&_Management_CSEET_18122025.pdf,4323.7,,,PENDING
processed_corpus\_work\extracted_input\raw\PDPPA2C19845B15D.pdf,processed_corpus\_work\extracted_input\raw,PDPPA2C19845B15D.pdf,42.0,,,PENDING
processed_corpus\_work\extracted_input\raw\PDPPA2C19845B15D_0.pdf,processed_corpus\_work\extracted_input\raw,PDPPA2C19845B15D_0.pdf,42.0,,,PENDING
processed_corpus\_work\extracted_input\raw\PlaceWorshipAct19915B15D.pdf,processed_corpus\_work\extracted_input\raw,PlaceWorshipAct19915B15D.pdf,12.3,,,PENDING
processed_corpus\_work\extracted_input\raw\PMS04082026CRLA6302026_163343.pdf,processed_corpus\_work\extracted_input\raw,PMS04082026CRLA6302026_163343.pdf,469.2,,,PENDING
processed_corpus\_work\extracted_input\raw\Pondicherry_Rule_180520175B15D.PDF,processed_corpus\_work\extracted_input\raw,Pondicherry_Rule_180520175B15D.PDF,226.6,,,PENDING
processed_corpus\_work\extracted_input\raw\PptEntryAct19205B15D.pdf,processed_corpus\_work\extracted_input\raw,PptEntryAct19205B15D.pdf,12.3,,,PENDING
processed_corpus\_work\extracted_input\raw\PptEntryAct1920_05B15D.pdf,processed_corpus\_work\extracted_input\raw,PptEntryAct1920_05B15D.pdf,12.3,,,PENDING
processed_corpus\_work\extracted_input\raw\PresidentPensionRulesupto2018_090820185B15D.pdf,processed_corpus\_work\extracted_input\raw,PresidentPensionRulesupto2018_090820185B15D.pdf,40.0,,,PENDING
processed_corpus\_work\extracted_input\raw\PresidentsActupto2018_090820185B15D.pdf,processed_corpus\_work\extracted_input\raw,PresidentsActupto2018_090820185B15D.pdf,23.6,,,PENDING
processed_corpus\_work\extracted_input\raw\PresidentsActupto2018_090820185B15D_0.pdf,processed_corpus\_work\extracted_input\raw,PresidentsActupto2018_090820185B15D_0.pdf,23.6,,,PENDING
processed_corpus\_work\extracted_input\raw\President_emoluments_act1951_UPDATED_5B15D.pdf,processed_corpus\_work\extracted_input\raw,President_emoluments_act1951_UPDATED_5B15D.pdf,18.6,,,PENDING
processed_corpus\_work\extracted_input\raw\President_emoluments_act1951_UPDATED_5B15D_0.pdf,processed_corpus\_work\extracted_input\raw,President_emoluments_act1951_UPDATED_5B15D_0.pdf,18.6,,,PENDING
processed_corpus\_work\extracted_input\raw\Prevention_Insults_National_Honour_Act1971.pdf,processed_corpus\_work\extracted_input\raw,Prevention_Insults_National_Honour_Act1971.pdf,15.1,,,PENDING
processed_corpus\_work\extracted_input\raw\Prisons_act18945B15D.pdf,processed_corpus\_work\extracted_input\raw,Prisons_act18945B15D.pdf,61.3,,,PENDING
processed_corpus\_work\extracted_input\raw\Prisons_act18945B15D_0.pdf,processed_corpus\_work\extracted_input\raw,Prisons_act18945B15D_0.pdf,61.3,,,PENDING
processed_corpus\_work\extracted_input\raw\Protection2520of2520HR2520Act19935B15D.pdf,processed_corpus\_work\extracted_input\raw,Protection2520of2520HR2520Act19935B15D.pdf,40.8,,,PENDING
processed_corpus\_work\extracted_input\raw\pro_for_04.08.2026.pdf,processed_corpus\_work\extracted_input\raw,pro_for_04.08.2026.pdf,652.1,,08,PENDING
processed_corpus\_work\extracted_input\raw\pro_for_06.08.2026.pdf,processed_corpus\_work\extracted_input\raw,pro_for_06.08.2026.pdf,649.7,,08,PENDING
processed_corpus\_work\extracted_input\raw\PS_Agencies_Regulation_Act20055B15D.pdf,processed_corpus\_work\extracted_input\raw,PS_Agencies_Regulation_Act20055B15D.pdf,28.4,,,PENDING
processed_corpus\_work\extracted_input\raw\PublicProDamgeAct_200515_05B15D.pdf,processed_corpus\_work\extracted_input\raw,PublicProDamgeAct_200515_05B15D.pdf,1060.6,,,PENDING
processed_corpus\_work\extracted_input\raw\rbd_act_19695B15D.pdf,processed_corpus\_work\extracted_input\raw,rbd_act_19695B15D.pdf,107.3,,,PENDING
processed_corpus\_work\extracted_input\raw\ReligiousInstitutionsAct19885B15D.pdf,processed_corpus\_work\extracted_input\raw,ReligiousInstitutionsAct19885B15D.pdf,36.0,,,PENDING
processed_corpus\_work\extracted_input\raw\RepatriationofPrisAct-20035B15D.pdf,processed_corpus\_work\extracted_input\raw,RepatriationofPrisAct-20035B15D.pdf,55.6,,,PENDING
processed_corpus\_work\extracted_input\raw\RepatriationofPrisAct-20035B15D_0.pdf,processed_corpus\_work\extracted_input\raw,RepatriationofPrisAct-20035B15D_0.pdf,55.6,,,PENDING
processed_corpus\_work\extracted_input\raw\RepatriationRules20045B15D.pdf,processed_corpus\_work\extracted_input\raw,RepatriationRules20045B15D.pdf,34.8,,,PENDING
processed_corpus\_work\extracted_input\raw\repealedfileopen.pdf,processed_corpus\_work\extracted_input\raw,repealedfileopen.pdf,1079.0,,,PENDING
processed_corpus\_work\extracted_input\raw\RRU_201120205B15D.pdf,processed_corpus\_work\extracted_input\raw,RRU_201120205B15D.pdf,704.9,,,PENDING
processed_corpus\_work\extracted_input\raw\RulesBharatRatna26PadmaAwards_0_0.pdf,processed_corpus\_work\extracted_input\raw,RulesBharatRatna26PadmaAwards_0_0.pdf,524.2,,,PENDING
processed_corpus\_work\extracted_input\raw\RulesBharatRatna26PadmaAwards_0_0_cdb1b4b8.pdf,processed_corpus\_work\extracted_input\raw,RulesBharatRatna26PadmaAwards_0_0_cdb1b4b8.pdf,524.2,,,PENDING
processed_corpus\_work\extracted_input\raw\Section220oftheFinanceAct_2018_091020205B15D.pdf,processed_corpus\_work\extracted_input\raw,Section220oftheFinanceAct_2018_091020205B15D.pdf,6976.8,,,PENDING
processed_corpus\_work\extracted_input\raw\Section236oftheFinanceAct_2016_091020205B15D.pdf,processed_corpus\_work\extracted_input\raw,Section236oftheFinanceAct_2016_091020205B15D.pdf,6725.9,,,PENDING
processed_corpus\_work\extracted_input\raw\Sikh2520Gurdwaras2520Board2520Election2520Rules2C252019595B15D.PDF,processed_corpus\_work\extracted_input\raw,Sikh2520Gurdwaras2520Board2520Election2520Rules2C252019595B15D.PDF,664.9,,,PENDING
processed_corpus\_work\extracted_input\raw\Sikh_Gurrdwara_Act19255B15D.pdf,processed_corpus\_work\extracted_input\raw,Sikh_Gurrdwara_Act19255B15D.pdf,480.7,,,PENDING
processed_corpus\_work\extracted_input\raw\SSB-Act20075B15D.pdf,processed_corpus\_work\extracted_input\raw,SSB-Act20075B15D.pdf,192.0,,,PENDING
processed_corpus\_work\extracted_input\raw\SSB-Rule20095B15D.pdf,processed_corpus\_work\extracted_input\raw,SSB-Rule20095B15D.pdf,493.1,,,PENDING
processed_corpus\_work\extracted_input\raw\StateEmblemRules-2010_05B15D.pdf,processed_corpus\_work\extracted_input\raw,StateEmblemRules-2010_05B15D.pdf,271.6,,,PENDING
processed_corpus\_work\extracted_input\raw\STATE_EMBLEM_ACT2005.pdf,processed_corpus\_work\extracted_input\raw,STATE_EMBLEM_ACT2005.pdf,28.2,,,PENDING
processed_corpus\_work\extracted_input\raw\tender_no._12382_27.07.2026.pdf,processed_corpus\_work\extracted_input\raw,tender_no._12382_27.07.2026.pdf,1616.3,,07,PENDING
processed_corpus\_work\extracted_input\raw\The2520Armed2520Forces252028Jammu2520and2520Kashmir292520Special2520Powers2520Act2C252019905B15D.pdf,processed_corpus\_work\extracted_input\raw,The2520Armed2520Forces252028Jammu2520and2520Kashmir292520Special2520Powers2520Act2C252019905B15D.pdf,216.7,,,PENDING
processed_corpus\_work\extracted_input\raw\The2520Bombay2520Reorganisation2520Act25201960_2706145B15D.pdf,processed_corpus\_work\extracted_input\raw,The2520Bombay2520Reorganisation2520Act25201960_2706145B15D.pdf,386.6,,,PENDING
processed_corpus\_work\extracted_input\raw\The2520Bombay2520Reorganisation2520Act25201960_2706145B15D_0.pdf,processed_corpus\_work\extracted_input\raw,The2520Bombay2520Reorganisation2520Act25201960_2706145B15D_0.pdf,386.6,,,PENDING
processed_corpus\_work\extracted_input\raw\The2520Disaster2520Management2520Act2C252020055B15D.pdf,processed_corpus\_work\extracted_input\raw,The2520Disaster2520Management2520Act2C252020055B15D.pdf,381.4,,,PENDING
processed_corpus\_work\extracted_input\raw\The2520National2520Investigation2520Agency252028Manner2520of2520Constitution292520Rules2C25202008252028English2520262520Hindi295B15D.pdf,processed_corpus\_work\extracted_input\raw,The2520National2520Investigation2520Agency252028Manner2520of2520Constitution292520Rules2C25202008252028English2520262520Hindi295B15D.pdf,84.8,Constitution,,PENDING
processed_corpus\_work\extracted_input\raw\The2520National2520Investigation2520Agency2520Act2C25202008252028English295B15D.pdf,processed_corpus\_work\extracted_input\raw,The2520National2520Investigation2520Agency2520Act2C25202008252028English295B15D.pdf,260.1,,,PENDING
processed_corpus\_work\extracted_input\raw\The2520Procedure2520for2520Admission2520and2520Disposal2520of2520Application2520Rules2C252020045B15D.pdf,processed_corpus\_work\extracted_input\raw,The2520Procedure2520for2520Admission2520and2520Disposal2520of2520Application2520Rules2C252020045B15D.pdf,42.4,,,PENDING
processed_corpus\_work\extracted_input\raw\The2520Qualifications2520for2520the2520members2520of2520the2520Review2520Committee2520Rules2C252020045B15D.pdf,processed_corpus\_work\extracted_input\raw,The2520Qualifications2520for2520the2520members2520of2520the2520Review2520Committee2520Rules2C252020045B15D.pdf,32.5,,,PENDING
processed_corpus\_work\extracted_input\raw\The2520State2520Reorganisation2520Act25201956_2706145B15D.pdf,processed_corpus\_work\extracted_input\raw,The2520State2520Reorganisation2520Act25201956_2706145B15D.pdf,396.5,,,PENDING
processed_corpus\_work\extracted_input\raw\The2520State2520Reorganisation2520Act25201956_2706145B15D_0.pdf,processed_corpus\_work\extracted_input\raw,The2520State2520Reorganisation2520Act25201956_2706145B15D_0.pdf,396.5,,,PENDING
processed_corpus\_work\extracted_input\raw\The2520Unlawful2520Activities252028Prevention29252028Recommendation2520and2520Sanction2520of2520Prosecution292520Rules2C25202008252028English2520262520Hindi295B15D.pdf,processed_corpus\_work\extracted_input\raw,The2520Unlawful2520Activities252028Prevention29252028Recommendation2520and2520Sanction2520of2520Prosecution292520Rules2C25202008252028English2520262520Hindi295B15D.pdf,61.9,,,PENDING
processed_corpus\_work\extracted_input\raw\The2520Unlawful2520Activities252028Prevention292520Act2C25201967252028English295B15D.pdf,processed_corpus\_work\extracted_input\raw,The2520Unlawful2520Activities252028Prevention292520Act2C25201967252028English295B15D.pdf,451.6,,,PENDING
processed_corpus\_work\extracted_input\raw\The2520Unlawful2520Activities252028Prevention292520Amendment2520Act2C25202004252028English295B15D.pdf,processed_corpus\_work\extracted_input\raw,The2520Unlawful2520Activities252028Prevention292520Amendment2520Act2C25202004252028English295B15D.pdf,522.8,,,PENDING
processed_corpus\_work\extracted_input\raw\The2520Unlawful2520Activities252028Prevention292520Amendment2520Act2C25202008252028English295B15D.pdf,processed_corpus\_work\extracted_input\raw,The2520Unlawful2520Activities252028Prevention292520Amendment2520Act2C25202008252028English295B15D.pdf,169.1,,,PENDING
processed_corpus\_work\extracted_input\raw\The2520Unlawful2520Activities252028Prevention292520Amendment2520Act2C25202012252028English295B15D.pdf,processed_corpus\_work\extracted_input\raw,The2520Unlawful2520Activities252028Prevention292520Amendment2520Act2C25202012252028English295B15D.pdf,751.5,,,PENDING
processed_corpus\_work\extracted_input\raw\The2520Unlawful2520Activities252028Prevention292520Rules2C25201968252028English295B15D.pdf,processed_corpus\_work\extracted_input\raw,The2520Unlawful2520Activities252028Prevention292520Rules2C25201968252028English295B15D.pdf,53.6,,,PENDING
processed_corpus\_work\extracted_input\raw\TheArmsRules19625B15D.pdf,processed_corpus\_work\extracted_input\raw,TheArmsRules19625B15D.pdf,16088.6,,,PENDING
processed_corpus\_work\extracted_input\raw\TheCCP28Amendment29Act2C20055B15D.pdf,processed_corpus\_work\extracted_input\raw,TheCCP28Amendment29Act2C20055B15D.pdf,72.1,,,PENDING
processed_corpus\_work\extracted_input\raw\TheCitizenshipRules2009_02012025.pdf,processed_corpus\_work\extracted_input\raw,TheCitizenshipRules2009_02012025.pdf,3832.3,,,PENDING
processed_corpus\_work\extracted_input\raw\TheCommissionsOfInquiryRules2C19725B15D.pdf,processed_corpus\_work\extracted_input\raw,TheCommissionsOfInquiryRules2C19725B15D.pdf,23.6,,,PENDING
processed_corpus\_work\extracted_input\raw\TheConst96AndmtAct20115B15D.pdf,processed_corpus\_work\extracted_input\raw,TheConst96AndmtAct20115B15D.pdf,180.4,,,PENDING
processed_corpus\_work\extracted_input\raw\TheConst96AndmtAct20115B15D_0.pdf,processed_corpus\_work\extracted_input\raw,TheConst96AndmtAct20115B15D_0.pdf,180.4,,,PENDING
processed_corpus\_work\extracted_input\raw\TheCrimnalLaw0304135B15D.pdf,processed_corpus\_work\extracted_input\raw,TheCrimnalLaw0304135B15D.pdf,5157.8,,,PENDING
processed_corpus\_work\extracted_input\raw\TheEnemypropertyAct2C19685B15D.pdf,processed_corpus\_work\extracted_input\raw,TheEnemypropertyAct2C19685B15D.pdf,4729.5,,,PENDING
processed_corpus\_work\extracted_input\raw\TheForeignContributionAmendmentAct_2020_091020205B15D.pdf,processed_corpus\_work\extracted_input\raw,TheForeignContributionAmendmentAct_2020_091020205B15D.pdf,297.0,,,PENDING
processed_corpus\_work\extracted_input\raw\TheForeignersAct19465B15D.pdf,processed_corpus\_work\extracted_input\raw,TheForeignersAct19465B15D.pdf,26.1,,,PENDING
processed_corpus\_work\extracted_input\raw\THENATIONALINVESTIGATIONAGENCYACT2008_03032020_05B15D.pdf,processed_corpus\_work\extracted_input\raw,THENATIONALINVESTIGATIONAGENCYACT2008_03032020_05B15D.pdf,407.8,,,PENDING
processed_corpus\_work\extracted_input\raw\ThePunjabSpecialPowersAct19565B15D.pdf,processed_corpus\_work\extracted_input\raw,ThePunjabSpecialPowersAct19565B15D.pdf,16.0,,,PENDING
processed_corpus\_work\extracted_input\raw\TheRashtriyaRakshaUniversityAct2020_05012021_15B15D.pdf,processed_corpus\_work\extracted_input\raw,TheRashtriyaRakshaUniversityAct2020_05012021_15B15D.pdf,329.7,,,PENDING
processed_corpus\_work\extracted_input\raw\The_Registration_of_Foreigners_Act_19395B15D.pdf,processed_corpus\_work\extracted_input\raw,The_Registration_of_Foreigners_Act_19395B15D.pdf,14.5,,,PENDING
processed_corpus\_work\extracted_input\raw\Transfer_prisoners_act19505B15D.pdf,processed_corpus\_work\extracted_input\raw,Transfer_prisoners_act19505B15D.pdf,13.6,,,PENDING
processed_corpus\_work\extracted_input\raw\Transfer_prisoners_act19505B15D_0.pdf,processed_corpus\_work\extracted_input\raw,Transfer_prisoners_act19505B15D_0.pdf,13.6,,,PENDING
processed_corpus\_work\extracted_input\raw\UpdatedGovernorsRules1987_051120185B15D.pdf,processed_corpus\_work\extracted_input\raw,UpdatedGovernorsRules1987_051120185B15D.pdf,101.1,,,PENDING
processed_corpus\_work\extracted_input\raw\UpdatedPresidentPensionRules1962_110520185B15D.pdf,processed_corpus\_work\extracted_input\raw,UpdatedPresidentPensionRules1962_110520185B15D.pdf,41.4,,,PENDING
processed_corpus\_work\extracted_input\raw\UpdatedVicePresidentRules1999_11052018_15B15D.pdf,processed_corpus\_work\extracted_input\raw,UpdatedVicePresidentRules1999_11052018_15B15D.pdf,30.9,,,PENDING
processed_corpus\_work\extracted_input\raw\UPReogAct2000_1309135B15D.PDF,processed_corpus\_work\extracted_input\raw,UPReogAct2000_1309135B15D.PDF,679.9,,,PENDING
processed_corpus\_work\extracted_input\raw\UPReogAct2000_1309135B15D_0.PDF,processed_corpus\_work\extracted_input\raw,UPReogAct2000_1309135B15D_0.PDF,679.9,,,PENDING
processed_corpus\_work\extracted_input\raw\userGuide.pdf,processed_corpus\_work\extracted_input\raw,userGuide.pdf,1398.4,,,PENDING
processed_corpus\_work\extracted_input\raw\userGuide_ac02fd83.pdf,processed_corpus\_work\extracted_input\raw,userGuide_ac02fd83.pdf,1398.4,,,PENDING
processed_corpus\_work\extracted_input\raw\UTdiv_Act_3112019_05B15D.pdf,processed_corpus\_work\extracted_input\raw,UTdiv_Act_3112019_05B15D.pdf,701.5,,,PENDING
processed_corpus\_work\extracted_input\raw\VicePresidentActupto2018_090820185B15D.pdf,processed_corpus\_work\extracted_input\raw,VicePresidentActupto2018_090820185B15D.pdf,21.6,,,PENDING
processed_corpus\_work\extracted_input\raw\VicePresidentActupto2018_090820185B15D_0.pdf,processed_corpus\_work\extracted_input\raw,VicePresidentActupto2018_090820185B15D_0.pdf,21.6,,,PENDING
processed_corpus\_work\extracted_input\raw\VicePresidentRulesupto2018_090820185B15D.pdf,processed_corpus\_work\extracted_input\raw,VicePresidentRulesupto2018_090820185B15D.pdf,30.9,,,PENDING
processed_corpus\_work\extracted_input\raw\Vice_presidents_pension_act19975B15D.pdf,processed_corpus\_work\extracted_input\raw,Vice_presidents_pension_act19975B15D.pdf,17.7,,,PENDING
processed_corpus\_work\extracted_input\raw\Vice_presidents_pension_act19975B15D_0.pdf,processed_corpus\_work\extracted_input\raw,Vice_presidents_pension_act19975B15D_0.pdf,17.7,,,PENDING
processed_corpus\_work\extracted_input\raw\WP-No.32027W.pdf,processed_corpus\_work\extracted_input\raw,WP-No.32027W.pdf,1516.4,,,PENDING
processed_corpus\_work\extracted_input\raw\Young_Persons_Harmful2520Publication_2520Act19565B15D.pdf,processed_corpus\_work\extracted_input\raw,Young_Persons_Harmful2520Publication_2520Act19565B15D.pdf,13.3,,,PENDING
processed_corpus\unique_pdfs\acts\12175_f0a90a691166.pdf,processed_corpus\unique_pdfs\acts,12175_f0a90a691166.pdf,1911.7,,,PENDING
processed_corpus\unique_pdfs\acts\12782_6ca5802481f4.pdf,processed_corpus\unique_pdfs\acts,12782_6ca5802481f4.pdf,2199.5,,,PENDING
processed_corpus\unique_pdfs\acts\2011amendmentinDMCAct1957_290420175B15D_9a1537c27f98.pdf,processed_corpus\unique_pdfs\acts,2011amendmentinDMCAct1957_290420175B15D_9a1537c27f98.pdf,19820.2,,,PENDING
processed_corpus\unique_pdfs\acts\33.dhc_bdd7b0dbfb49.pdf,processed_corpus\unique_pdfs\acts,33.dhc_bdd7b0dbfb49.pdf,9095.8,,33,PENDING
processed_corpus\unique_pdfs\acts\ActAndRuleThe2520ArmsAct_171220195B15D_2a30ebb07f1f.pdf,processed_corpus\unique_pdfs\acts,ActAndRuleThe2520ArmsAct_171220195B15D_2a30ebb07f1f.pdf,694.2,,,PENDING
processed_corpus\unique_pdfs\acts\ActAndRule_TheSpecialProtectingGroup_171220195B15D_4e60fa478034.pdf,processed_corpus\unique_pdfs\acts,ActAndRule_TheSpecialProtectingGroup_171220195B15D_4e60fa478034.pdf,830.1,,,PENDING
processed_corpus\unique_pdfs\acts\ACT_CTCR_300820195B15D_1a79da74613a.pdf,processed_corpus\unique_pdfs\acts,ACT_CTCR_300820195B15D_1a79da74613a.pdf,935.7,,,PENDING
processed_corpus\unique_pdfs\acts\ACT_CTCR_UnlawfulActivitiest_300820195B15D_1c598f5e270c.pdf,processed_corpus\unique_pdfs\acts,ACT_CTCR_UnlawfulActivitiest_300820195B15D_1c598f5e270c.pdf,1048.3,,,PENDING
processed_corpus\unique_pdfs\acts\AmendmenttotheEnemyPropertyAct_110120165B15D_b2664feffe80.pdf,processed_corpus\unique_pdfs\acts,AmendmenttotheEnemyPropertyAct_110120165B15D_b2664feffe80.pdf,134.1,,,PENDING
processed_corpus\unique_pdfs\acts\APRegACT2014_015B15D_f270f02c326c.pdf,processed_corpus\unique_pdfs\acts,APRegACT2014_015B15D_f270f02c326c.pdf,28.5,,,PENDING
processed_corpus\unique_pdfs\acts\APRegACT2014_05B15D_98f05fefa47b.pdf,processed_corpus\unique_pdfs\acts,APRegACT2014_05B15D_98f05fefa47b.pdf,205.4,,,PENDING
processed_corpus\unique_pdfs\acts\armed_forces_special_powers_act19585B15D_77df2cbba433.pdf,processed_corpus\unique_pdfs\acts,armed_forces_special_powers_act19585B15D_77df2cbba433.pdf,18.8,,,PENDING
processed_corpus\unique_pdfs\acts\arms2520act-19595B15D_91d913ac6eb8.pdf,processed_corpus\unique_pdfs\acts,arms2520act-19595B15D_91d913ac6eb8.pdf,58.6,,,PENDING
processed_corpus\unique_pdfs\acts\AssamRifesAct20065B15D_c49b06ec86c3.pdf,processed_corpus\unique_pdfs\acts,AssamRifesAct20065B15D_c49b06ec86c3.pdf,10085.8,,,PENDING
processed_corpus\unique_pdfs\acts\Ayodhya_Act19935B15D_48c55b54092a.pdf,processed_corpus\unique_pdfs\acts,Ayodhya_Act19935B15D_48c55b54092a.pdf,45.0,,,PENDING
processed_corpus\unique_pdfs\acts\bsfAct26Rules5B15D_4921eedb2755.pdf,processed_corpus\unique_pdfs\acts,bsfAct26Rules5B15D_4921eedb2755.pdf,5541.4,,,PENDING
processed_corpus\unique_pdfs\acts\ccp19735B15D_391aa2b4881a.pdf,processed_corpus\unique_pdfs\acts,ccp19735B15D_391aa2b4881a.pdf,628.6,,,PENDING
processed_corpus\unique_pdfs\acts\CDAct1968_290520205B15D_d864fbadafba.pdf,processed_corpus\unique_pdfs\acts,CDAct1968_290520205B15D_d864fbadafba.pdf,962.1,,,PENDING
processed_corpus\unique_pdfs\acts\census_act_19485B15D_d4f40ccaa70e.pdf,processed_corpus\unique_pdfs\acts,census_act_19485B15D_d4f40ccaa70e.pdf,92.2,,,PENDING
processed_corpus\unique_pdfs\acts\census_rules_1990_05B15D_ce760f7a87ac.pdf,processed_corpus\unique_pdfs\acts,census_rules_1990_05B15D_ce760f7a87ac.pdf,72.3,,,PENDING
processed_corpus\unique_pdfs\acts\Chif_gurudwara_rules_2010145B15D_4271eaddec98.pdf,processed_corpus\unique_pdfs\acts,Chif_gurudwara_rules_2010145B15D_4271eaddec98.pdf,57.7,,,PENDING
processed_corpus\unique_pdfs\acts\CIAct19525B15D_ef67173232ea.pdf,processed_corpus\unique_pdfs\acts,CIAct19525B15D_ef67173232ea.pdf,25.2,,,PENDING
processed_corpus\unique_pdfs\acts\cisfact19685B15D_b8cbe699ac61.pdf,processed_corpus\unique_pdfs\acts,cisfact19685B15D_b8cbe699ac61.pdf,60.0,,,PENDING
processed_corpus\unique_pdfs\acts\CitizenshipAct1955_02012025_0_105b20f59161.pdf,processed_corpus\unique_pdfs\acts,CitizenshipAct1955_02012025_0_105b20f59161.pdf,603.4,,,PENDING
processed_corpus\unique_pdfs\acts\Compoundingnotification06062018_15B15D_3265c4467b8c.pdf,processed_corpus\unique_pdfs\acts,Compoundingnotification06062018_15B15D_3265c4467b8c.pdf,1762.8,,,PENDING
processed_corpus\unique_pdfs\acts\CriminalLawAmendmentAct19615B15D_b5aa4c44d8a8.pdf,processed_corpus\unique_pdfs\acts,CriminalLawAmendmentAct19615B15D_b5aa4c44d8a8.pdf,13.9,,,PENDING
processed_corpus\unique_pdfs\acts\crpf_act19495B15D_28ec90891a2b.pdf,processed_corpus\unique_pdfs\acts,crpf_act19495B15D_28ec90891a2b.pdf,28.0,,,PENDING
processed_corpus\unique_pdfs\acts\CSdivTheCriminalLawAct_14082018_25B15D_86ae202053a6.pdf,processed_corpus\unique_pdfs\acts,CSdivTheCriminalLawAct_14082018_25B15D_86ae202053a6.pdf,1606.8,,,PENDING
processed_corpus\unique_pdfs\acts\DeclarationoftheNationalLiberation_301120185B15D_0_cd9dccd191c6.pdf,processed_corpus\unique_pdfs\acts,DeclarationoftheNationalLiberation_301120185B15D_0_cd9dccd191c6.pdf,31.0,,,PENDING
processed_corpus\unique_pdfs\acts\DM_Athority_rules20065B15D_2ca08c0dc796.pdf,processed_corpus\unique_pdfs\acts,DM_Athority_rules20065B15D_2ca08c0dc796.pdf,109.8,,,PENDING
processed_corpus\unique_pdfs\acts\E-gazette5B15D_f5feddc818d5.pdf,processed_corpus\unique_pdfs\acts,E-gazette5B15D_f5feddc818d5.pdf,104.4,,,PENDING
processed_corpus\unique_pdfs\acts\EnemyPropertyFourthOrdinanceDated280820165B15D_a7b49c5c51f3.pdf,processed_corpus\unique_pdfs\acts,EnemyPropertyFourthOrdinanceDated280820165B15D_a7b49c5c51f3.pdf,1376.0,,,PENDING
processed_corpus\unique_pdfs\acts\EnemyProperty_ThirdOrdiance_31-05-20165B15D_ef32ab6c833e.pdf,processed_corpus\unique_pdfs\acts,EnemyProperty_ThirdOrdiance_31-05-20165B15D_ef32ab6c833e.pdf,698.8,,05,PENDING
processed_corpus\unique_pdfs\acts\ExplosiveSubstancesAct19085B15D_ef869e3ade87.pdf,processed_corpus\unique_pdfs\acts,ExplosiveSubstancesAct19085B15D_ef869e3ade87.pdf,12.9,,,PENDING
processed_corpus\unique_pdfs\acts\FC-RegulationAct-2010-C5B15D_c8e4259488d2.pdf,processed_corpus\unique_pdfs\acts,FC-RegulationAct-2010-C5B15D_c8e4259488d2.pdf,7935.3,,,PENDING
processed_corpus\unique_pdfs\acts\FCRAAMENDMENT2020_MHANotification_091020205B15D_77d9632fbe7d.pdf,processed_corpus\unique_pdfs\acts,FCRAAMENDMENT2020_MHANotification_091020205B15D_77d9632fbe7d.pdf,856.1,,,PENDING
processed_corpus\unique_pdfs\acts\gazette-dm5B15D_28c494e362a3.pdf,processed_corpus\unique_pdfs\acts,gazette-dm5B15D_28c494e362a3.pdf,999.5,,,PENDING
processed_corpus\unique_pdfs\acts\GovEAPAmendmentAct2014_05B15D_474d48745c3a.pdf,processed_corpus\unique_pdfs\acts,GovEAPAmendmentAct2014_05B15D_474d48745c3a.pdf,75.7,,,PENDING
processed_corpus\unique_pdfs\acts\GovernmentNationalCapitalTerritoryAct5B15D_7072d81a3a03.pdf,processed_corpus\unique_pdfs\acts,GovernmentNationalCapitalTerritoryAct5B15D_7072d81a3a03.pdf,85.4,,,PENDING
processed_corpus\unique_pdfs\acts\GovernmentUnionterritoriesAct19635B15D_d4796438dec1.pdf,processed_corpus\unique_pdfs\acts,GovernmentUnionterritoriesAct19635B15D_d4796438dec1.pdf,158.2,,,PENDING
processed_corpus\unique_pdfs\acts\GOVERNORSEmoluments_Act19825B15D_353d090d0557.pdf,processed_corpus\unique_pdfs\acts,GOVERNORSEmoluments_Act19825B15D_353d090d0557.pdf,78.9,,,PENDING
processed_corpus\unique_pdfs\acts\important_instructions_dhjs-2026_b9be199b56a0.pdf,processed_corpus\unique_pdfs\acts,important_instructions_dhjs-2026_b9be199b56a0.pdf,689.5,,,PENDING
processed_corpus\unique_pdfs\acts\IS_IIActs_280820185B15D_7563235209c4.pdf,processed_corpus\unique_pdfs\acts,IS_IIActs_280820185B15D_7563235209c4.pdf,122.8,,,PENDING
processed_corpus\unique_pdfs\acts\ITBP-Act19925B15D_4bb4b9811c12.pdf,processed_corpus\unique_pdfs\acts,ITBP-Act19925B15D_4bb4b9811c12.pdf,185.1,,,PENDING
processed_corpus\unique_pdfs\acts\LAPI-Act-0808115B15D_eac353b3cee5.pdf,processed_corpus\unique_pdfs\acts,LAPI-Act-0808115B15D_eac353b3cee5.pdf,11530.8,,,PENDING
processed_corpus\unique_pdfs\acts\LotteriesAct-19985B15D_838c95d8c4f9.pdf,processed_corpus\unique_pdfs\acts,LotteriesAct-19985B15D_838c95d8c4f9.pdf,35.4,,,PENDING
processed_corpus\unique_pdfs\acts\MinisterAct1952_0807145B15D_119ff35a44e1.pdf,processed_corpus\unique_pdfs\acts,MinisterAct1952_0807145B15D_119ff35a44e1.pdf,16.6,,,PENDING
processed_corpus\unique_pdfs\acts\NationalSecAmndmntAct19845B15D_dd7d38d5a8af.pdf,processed_corpus\unique_pdfs\acts,NationalSecAmndmntAct19845B15D_dd7d38d5a8af.pdf,3546.0,,,PENDING
processed_corpus\unique_pdfs\acts\NDMCACT19441_290420175B15D_d7edaf84a619.pdf,processed_corpus\unique_pdfs\acts,NDMCACT19441_290420175B15D_d7edaf84a619.pdf,27120.2,,,PENDING
processed_corpus\unique_pdfs\acts\Noti2186-0208135B15D_5ba001fbba77.pdf,processed_corpus\unique_pdfs\acts,Noti2186-0208135B15D_5ba001fbba77.pdf,3099.5,,,PENDING
processed_corpus\unique_pdfs\acts\NotiSikhGurdwarasActAmendment_1205165B15D_3cefffe05210.pdf,processed_corpus\unique_pdfs\acts,NotiSikhGurdwarasActAmendment_1205165B15D_3cefffe05210.pdf,24.1,,,PENDING
processed_corpus\unique_pdfs\acts\NSGAct19865B15D_8b6250cbe3e2.pdf,processed_corpus\unique_pdfs\acts,NSGAct19865B15D_8b6250cbe3e2.pdf,126.7,,,PENDING
processed_corpus\unique_pdfs\acts\odishaAlterationAct20115B15D_de0c9b0d73a4.pdf,processed_corpus\unique_pdfs\acts,odishaAlterationAct20115B15D_de0c9b0d73a4.pdf,362.4,,,PENDING
processed_corpus\unique_pdfs\acts\Official_Secret_Act19235B15D_c776b4a73c4e.pdf,processed_corpus\unique_pdfs\acts,Official_Secret_Act19235B15D_c776b4a73c4e.pdf,31.5,,,PENDING
processed_corpus\unique_pdfs\acts\OSA25201923_25042017_05B15D_068221e9199a.pdf,processed_corpus\unique_pdfs\acts,OSA25201923_25042017_05B15D_068221e9199a.pdf,3990.7,,,PENDING
processed_corpus\unique_pdfs\acts\Paper_4_Business_Law_&_Management_CSEET_18122025_c31dfb0629b5.pdf,processed_corpus\unique_pdfs\acts,Paper_4_Business_Law_&_Management_CSEET_18122025_c31dfb0629b5.pdf,4323.7,,,PENDING
processed_corpus\unique_pdfs\acts\PDPPA2C19845B15D_9646b088c682.pdf,processed_corpus\unique_pdfs\acts,PDPPA2C19845B15D_9646b088c682.pdf,42.0,,,PENDING
processed_corpus\unique_pdfs\acts\PlaceWorshipAct19915B15D_2b35007f1baf.pdf,processed_corpus\unique_pdfs\acts,PlaceWorshipAct19915B15D_2b35007f1baf.pdf,12.3,,,PENDING
processed_corpus\unique_pdfs\acts\PptEntryAct19205B15D_781df29b38b6.pdf,processed_corpus\unique_pdfs\acts,PptEntryAct19205B15D_781df29b38b6.pdf,12.3,,,PENDING
processed_corpus\unique_pdfs\acts\PresidentsActupto2018_090820185B15D_98bdd954dede.pdf,processed_corpus\unique_pdfs\acts,PresidentsActupto2018_090820185B15D_98bdd954dede.pdf,23.6,,,PENDING
processed_corpus\unique_pdfs\acts\President_emoluments_act1951_UPDATED_5B15D_fafd4603eccf.pdf,processed_corpus\unique_pdfs\acts,President_emoluments_act1951_UPDATED_5B15D_fafd4603eccf.pdf,18.6,,,PENDING
processed_corpus\unique_pdfs\acts\Prevention_Insults_National_Honour_Act1971_fac5ec251a54.pdf,processed_corpus\unique_pdfs\acts,Prevention_Insults_National_Honour_Act1971_fac5ec251a54.pdf,15.1,,,PENDING
processed_corpus\unique_pdfs\acts\Prisons_act18945B15D_bd0527f24c0f.pdf,processed_corpus\unique_pdfs\acts,Prisons_act18945B15D_bd0527f24c0f.pdf,61.3,,,PENDING
processed_corpus\unique_pdfs\acts\Protection2520of2520HR2520Act19935B15D_72da406a6ae6.pdf,processed_corpus\unique_pdfs\acts,Protection2520of2520HR2520Act19935B15D_72da406a6ae6.pdf,40.8,,,PENDING
processed_corpus\unique_pdfs\acts\PublicProDamgeAct_200515_05B15D_1f4d15cc75f6.pdf,processed_corpus\unique_pdfs\acts,PublicProDamgeAct_200515_05B15D_1f4d15cc75f6.pdf,1060.6,,,PENDING
processed_corpus\unique_pdfs\acts\rbd_act_19695B15D_aeffd5ebadd3.pdf,processed_corpus\unique_pdfs\acts,rbd_act_19695B15D_aeffd5ebadd3.pdf,107.3,,,PENDING
processed_corpus\unique_pdfs\acts\ReligiousInstitutionsAct19885B15D_86c5cb7960f3.pdf,processed_corpus\unique_pdfs\acts,ReligiousInstitutionsAct19885B15D_86c5cb7960f3.pdf,36.0,,,PENDING
processed_corpus\unique_pdfs\acts\RepatriationRules20045B15D_0f05722efe23.pdf,processed_corpus\unique_pdfs\acts,RepatriationRules20045B15D_0f05722efe23.pdf,34.8,,,PENDING
processed_corpus\unique_pdfs\acts\repealedfileopen_ae8920ad726f.pdf,processed_corpus\unique_pdfs\acts,repealedfileopen_ae8920ad726f.pdf,1079.0,,,PENDING
processed_corpus\unique_pdfs\acts\RRU_201120205B15D_31c4c877651a.pdf,processed_corpus\unique_pdfs\acts,RRU_201120205B15D_31c4c877651a.pdf,704.9,,,PENDING
processed_corpus\unique_pdfs\acts\Section220oftheFinanceAct_2018_091020205B15D_66acfd5478fa.pdf,processed_corpus\unique_pdfs\acts,Section220oftheFinanceAct_2018_091020205B15D_66acfd5478fa.pdf,6976.8,,,PENDING
processed_corpus\unique_pdfs\acts\Section236oftheFinanceAct_2016_091020205B15D_f5b974946402.pdf,processed_corpus\unique_pdfs\acts,Section236oftheFinanceAct_2016_091020205B15D_f5b974946402.pdf,6725.9,,,PENDING
processed_corpus\unique_pdfs\acts\Sikh_Gurrdwara_Act19255B15D_801eabee771d.pdf,processed_corpus\unique_pdfs\acts,Sikh_Gurrdwara_Act19255B15D_801eabee771d.pdf,480.7,,,PENDING
processed_corpus\unique_pdfs\acts\SSB-Act20075B15D_a0c0eda39028.pdf,processed_corpus\unique_pdfs\acts,SSB-Act20075B15D_a0c0eda39028.pdf,192.0,,,PENDING
processed_corpus\unique_pdfs\acts\STATE_EMBLEM_ACT2005_032c9ca5b63a.pdf,processed_corpus\unique_pdfs\acts,STATE_EMBLEM_ACT2005_032c9ca5b63a.pdf,28.2,,,PENDING
processed_corpus\unique_pdfs\acts\The2520Armed2520Forces252028Jammu2520and2520Kashmir292520Special2520Powers2520Act2C252019905B15D_6c016e40159e.pdf,processed_corpus\unique_pdfs\acts,The2520Armed2520Forces252028Jammu2520and2520Kashmir292520Special2520Powers2520Act2C252019905B15D_6c016e40159e.pdf,216.7,,,PENDING
processed_corpus\unique_pdfs\acts\The2520Bombay2520Reorganisation2520Act25201960_2706145B15D_2c230a92a55b.pdf,processed_corpus\unique_pdfs\acts,The2520Bombay2520Reorganisation2520Act25201960_2706145B15D_2c230a92a55b.pdf,386.6,,,PENDING
processed_corpus\unique_pdfs\acts\The2520Disaster2520Management2520Act2C252020055B15D_aba52057cf0a.pdf,processed_corpus\unique_pdfs\acts,The2520Disaster2520Management2520Act2C252020055B15D_aba52057cf0a.pdf,381.4,,,PENDING
processed_corpus\unique_pdfs\acts\The2520National2520Investigation2520Agency252028Manner2520of2520Constitution292520Rules2C25202008252028English2520262520Hindi295B15D_f238d1b666cb.pdf,processed_corpus\unique_pdfs\acts,The2520National2520Investigation2520Agency252028Manner2520of2520Constitution292520Rules2C25202008252028English2520262520Hindi295B15D_f238d1b666cb.pdf,84.8,Constitution,,PENDING
processed_corpus\unique_pdfs\acts\The2520National2520Investigation2520Agency2520Act2C25202008252028English295B15D_801980be0a45.pdf,processed_corpus\unique_pdfs\acts,The2520National2520Investigation2520Agency2520Act2C25202008252028English295B15D_801980be0a45.pdf,260.1,,,PENDING
processed_corpus\unique_pdfs\acts\The2520State2520Reorganisation2520Act25201956_2706145B15D_5f17ba4bbac8.pdf,processed_corpus\unique_pdfs\acts,The2520State2520Reorganisation2520Act25201956_2706145B15D_5f17ba4bbac8.pdf,396.5,,,PENDING
processed_corpus\unique_pdfs\acts\The2520Unlawful2520Activities252028Prevention292520Act2C25201967252028English295B15D_15201c51c6e8.pdf,processed_corpus\unique_pdfs\acts,The2520Unlawful2520Activities252028Prevention292520Act2C25201967252028English295B15D_15201c51c6e8.pdf,451.6,,,PENDING
processed_corpus\unique_pdfs\acts\The2520Unlawful2520Activities252028Prevention292520Amendment2520Act2C25202004252028English295B15D_36500e50941a.pdf,processed_corpus\unique_pdfs\acts,The2520Unlawful2520Activities252028Prevention292520Amendment2520Act2C25202004252028English295B15D_36500e50941a.pdf,522.8,,,PENDING
processed_corpus\unique_pdfs\acts\The2520Unlawful2520Activities252028Prevention292520Amendment2520Act2C25202008252028English295B15D_6af86a61c01a.pdf,processed_corpus\unique_pdfs\acts,The2520Unlawful2520Activities252028Prevention292520Amendment2520Act2C25202008252028English295B15D_6af86a61c01a.pdf,169.1,,,PENDING
processed_corpus\unique_pdfs\acts\The2520Unlawful2520Activities252028Prevention292520Amendment2520Act2C25202012252028English295B15D_50bfd1dc9ac3.pdf,processed_corpus\unique_pdfs\acts,The2520Unlawful2520Activities252028Prevention292520Amendment2520Act2C25202012252028English295B15D_50bfd1dc9ac3.pdf,751.5,,,PENDING
processed_corpus\unique_pdfs\acts\TheCCP28Amendment29Act2C20055B15D_755ea22199cc.pdf,processed_corpus\unique_pdfs\acts,TheCCP28Amendment29Act2C20055B15D_755ea22199cc.pdf,72.1,,,PENDING
processed_corpus\unique_pdfs\acts\TheConst96AndmtAct20115B15D_4252e6cc2251.pdf,processed_corpus\unique_pdfs\acts,TheConst96AndmtAct20115B15D_4252e6cc2251.pdf,180.4,,,PENDING
processed_corpus\unique_pdfs\acts\TheCrimnalLaw0304135B15D_b4aa1e57c485.pdf,processed_corpus\unique_pdfs\acts,TheCrimnalLaw0304135B15D_b4aa1e57c485.pdf,5157.8,,,PENDING
processed_corpus\unique_pdfs\acts\TheEnemypropertyAct2C19685B15D_fb6284d3c9c7.pdf,processed_corpus\unique_pdfs\acts,TheEnemypropertyAct2C19685B15D_fb6284d3c9c7.pdf,4729.5,,,PENDING
processed_corpus\unique_pdfs\acts\TheForeignContributionAmendmentAct_2020_091020205B15D_1422498a6acc.pdf,processed_corpus\unique_pdfs\acts,TheForeignContributionAmendmentAct_2020_091020205B15D_1422498a6acc.pdf,297.0,,,PENDING
processed_corpus\unique_pdfs\acts\TheForeignersAct19465B15D_9baf3d0c305a.pdf,processed_corpus\unique_pdfs\acts,TheForeignersAct19465B15D_9baf3d0c305a.pdf,26.1,,,PENDING
processed_corpus\unique_pdfs\acts\THENATIONALINVESTIGATIONAGENCYACT2008_03032020_05B15D_e75b29420a8d.pdf,processed_corpus\unique_pdfs\acts,THENATIONALINVESTIGATIONAGENCYACT2008_03032020_05B15D_e75b29420a8d.pdf,407.8,,,PENDING
processed_corpus\unique_pdfs\acts\ThePunjabSpecialPowersAct19565B15D_a7d774fa31a6.pdf,processed_corpus\unique_pdfs\acts,ThePunjabSpecialPowersAct19565B15D_a7d774fa31a6.pdf,16.0,,,PENDING
processed_corpus\unique_pdfs\acts\TheRashtriyaRakshaUniversityAct2020_05012021_15B15D_718b825a9655.pdf,processed_corpus\unique_pdfs\acts,TheRashtriyaRakshaUniversityAct2020_05012021_15B15D_718b825a9655.pdf,329.7,,,PENDING
processed_corpus\unique_pdfs\acts\The_Registration_of_Foreigners_Act_19395B15D_3f5467f69965.pdf,processed_corpus\unique_pdfs\acts,The_Registration_of_Foreigners_Act_19395B15D_3f5467f69965.pdf,14.5,,,PENDING
processed_corpus\unique_pdfs\acts\Transfer_prisoners_act19505B15D_202db749df5f.pdf,processed_corpus\unique_pdfs\acts,Transfer_prisoners_act19505B15D_202db749df5f.pdf,13.6,,,PENDING
processed_corpus\unique_pdfs\acts\UPReogAct2000_1309135B15D_1745207ae9bd.pdf,processed_corpus\unique_pdfs\acts,UPReogAct2000_1309135B15D_1745207ae9bd.pdf,679.9,,,PENDING
processed_corpus\unique_pdfs\acts\userGuide_ea058ad5d584.pdf,processed_corpus\unique_pdfs\acts,userGuide_ea058ad5d584.pdf,1398.4,,,PENDING
processed_corpus\unique_pdfs\acts\UTdiv_Act_3112019_05B15D_7b835ab3d83d.pdf,processed_corpus\unique_pdfs\acts,UTdiv_Act_3112019_05B15D_7b835ab3d83d.pdf,701.5,,,PENDING
processed_corpus\unique_pdfs\acts\VicePresidentActupto2018_090820185B15D_f711e21e65d6.pdf,processed_corpus\unique_pdfs\acts,VicePresidentActupto2018_090820185B15D_f711e21e65d6.pdf,21.6,,,PENDING
processed_corpus\unique_pdfs\acts\Vice_presidents_pension_act19975B15D_76cd7d261e88.pdf,processed_corpus\unique_pdfs\acts,Vice_presidents_pension_act19975B15D_76cd7d261e88.pdf,17.7,,,PENDING
processed_corpus\unique_pdfs\acts\Young_Persons_Harmful2520Publication_2520Act19565B15D_d37a30412dcf.pdf,processed_corpus\unique_pdfs\acts,Young_Persons_Harmful2520Publication_2520Act19565B15D_d37a30412dcf.pdf,13.3,,,PENDING
processed_corpus\unique_pdfs\circulars\A2013-18_d6e286d2a3fe.pdf,processed_corpus\unique_pdfs\circulars,A2013-18_d6e286d2a3fe.pdf,3205.0,,,PENDING
processed_corpus\unique_pdfs\examinations\62exam_bd5927f4ccf9.pdf,processed_corpus\unique_pdfs\examinations,62exam_bd5927f4ccf9.pdf,1044.4,,,PENDING
processed_corpus\unique_pdfs\examinations\66-exams-nj_dfa925ddc4e1.pdf,processed_corpus\unique_pdfs\examinations,66-exams-nj_dfa925ddc4e1.pdf,145.6,,66,PENDING
processed_corpus\unique_pdfs\examinations\admit_card_dhjs_2026_f2ad126268ce.pdf,processed_corpus\unique_pdfs\examinations,admit_card_dhjs_2026_f2ad126268ce.pdf,11.4,,,PENDING
processed_corpus\unique_pdfs\examinations\adv-eng_dhjs-2026_e9b4ad21f957.pdf,processed_corpus\unique_pdfs\examinations,adv-eng_dhjs-2026_e9b4ad21f957.pdf,264.3,,,PENDING
processed_corpus\unique_pdfs\examinations\answer_key_dhjs_f75742ccc586.pdf,processed_corpus\unique_pdfs\examinations,answer_key_dhjs_f75742ccc586.pdf,76.4,,,PENDING
processed_corpus\unique_pdfs\examinations\apply_link_for_dhjs_2026_c18b8478015a.pdf,processed_corpus\unique_pdfs\examinations,apply_link_for_dhjs_2026_c18b8478015a.pdf,4.4,,,PENDING
processed_corpus\unique_pdfs\examinations\notice_of_dhjs_7d9446aedcf8.pdf,processed_corpus\unique_pdfs\examinations,notice_of_dhjs_7d9446aedcf8.pdf,1571.5,,,PENDING
processed_corpus\unique_pdfs\guides\Certificate-of-MHA_f69a09a71ba5.pdf,processed_corpus\unique_pdfs\guides,Certificate-of-MHA_f69a09a71ba5.pdf,590.7,,,PENDING
processed_corpus\unique_pdfs\judgments\01-original_0f2ec3d678cf.pdf,processed_corpus\unique_pdfs\judgments,01-original_0f2ec3d678cf.pdf,6679.3,,01,PENDING
processed_corpus\unique_pdfs\judgments\250883_english_01042024_c9da896e7a16.pdf,processed_corpus\unique_pdfs\judgments,250883_english_01042024_c9da896e7a16.pdf,1293.2,,,PENDING
processed_corpus\unique_pdfs\judgments\32.d3_faa8ad87b5a3.pdf,processed_corpus\unique_pdfs\judgments,32.d3_faa8ad87b5a3.pdf,8990.1,,32,PENDING
processed_corpus\unique_pdfs\judgments\33673_2026_1_12_72183_order_24-jul-2026_f35268d76049.pdf,processed_corpus\unique_pdfs\judgments,33673_2026_1_12_72183_order_24-jul-2026_f35268d76049.pdf,195.4,,,PENDING
processed_corpus\unique_pdfs\judgments\59605082026CRLMM29002021_181558_c01b7c7a81bf.pdf,processed_corpus\unique_pdfs\judgments,59605082026CRLMM29002021_181558_c01b7c7a81bf.pdf,1368.2,,,PENDING
processed_corpus\unique_pdfs\judgments\60804082026BA17122026_174305_d582c03c206e.pdf,processed_corpus\unique_pdfs\judgments,60804082026BA17122026_174305_d582c03c206e.pdf,846.1,,,PENDING
processed_corpus\unique_pdfs\judgments\60804082026BA31102026_174347_fb5844e21e60.pdf,processed_corpus\unique_pdfs\judgments,60804082026BA31102026_174347_fb5844e21e60.pdf,793.3,,,PENDING
processed_corpus\unique_pdfs\judgments\60805082026BA31232026_174505_863726e6c1d5.pdf,processed_corpus\unique_pdfs\judgments,60805082026BA31232026_174505_863726e6c1d5.pdf,804.4,,,PENDING
processed_corpus\unique_pdfs\judgments\60805082026CRLMM10872026_174424_b78979208e1c.pdf,processed_corpus\unique_pdfs\judgments,60805082026CRLMM10872026_174424_b78979208e1c.pdf,763.9,,,PENDING
processed_corpus\unique_pdfs\judgments\60805082026CRLMM19792026_174148_ddc04ec0d07a.pdf,processed_corpus\unique_pdfs\judgments,60805082026CRLMM19792026_174148_ddc04ec0d07a.pdf,875.1,,,PENDING
processed_corpus\unique_pdfs\judgments\60805082026CRLRMAT5112025_174251_659bd4fce279.pdf,processed_corpus\unique_pdfs\judgments,60805082026CRLRMAT5112025_174251_659bd4fce279.pdf,793.2,,,PENDING
processed_corpus\unique_pdfs\judgments\67905082026CMM18452023_190800_1942654e4f5d.pdf,processed_corpus\unique_pdfs\judgments,67905082026CMM18452023_190800_1942654e4f5d.pdf,670.6,,,PENDING
processed_corpus\unique_pdfs\judgments\68-it_cell_97ac263e04ba.pdf,processed_corpus\unique_pdfs\judgments,68-it_cell_97ac263e04ba.pdf,765.5,,68,PENDING
processed_corpus\unique_pdfs\judgments\74905082026FAOC822026_132213_ef137ae7765b.pdf,processed_corpus\unique_pdfs\judgments,74905082026FAOC822026_132213_ef137ae7765b.pdf,666.1,,,PENDING
processed_corpus\unique_pdfs\judgments\75504082026CRLA3482026_213422_559a15659e53.pdf,processed_corpus\unique_pdfs\judgments,75504082026CRLA3482026_213422_559a15659e53.pdf,438.4,,,PENDING
processed_corpus\unique_pdfs\judgments\76005082026CRLA8442017_144004_91b70f49abc3.pdf,processed_corpus\unique_pdfs\judgments,76005082026CRLA8442017_144004_91b70f49abc3.pdf,688.9,,,PENDING
processed_corpus\unique_pdfs\judgments\bank_account_details_dhc_40d2588ddd46.pdf,processed_corpus\unique_pdfs\judgments,bank_account_details_dhc_40d2588ddd46.pdf,104.5,,,PENDING
processed_corpus\unique_pdfs\judgments\bcbc61df3b552a46b7155303bedf6a75830021414aa81943d4d469ea40fe56e61785957183_97afd91af22a.pdf,processed_corpus\unique_pdfs\judgments,bcbc61df3b552a46b7155303bedf6a75830021414aa81943d4d469ea40fe56e61785957183_97afd91af22a.pdf,532.9,,,PENDING
processed_corpus\unique_pdfs\judgments\combinbed_pro_05.08.2026_16062c62d2f9.pdf,processed_corpus\unique_pdfs\judgments,combinbed_pro_05.08.2026_16062c62d2f9.pdf,526.6,,08,PENDING
processed_corpus\unique_pdfs\judgments\combined_pro_31.07.2026_2e85e42b1d75.pdf,processed_corpus\unique_pdfs\judgments,combined_pro_31.07.2026_2e85e42b1d75.pdf,650.2,,07,PENDING
processed_corpus\unique_pdfs\judgments\CriminalLawAmendmendAct2C20055B15D_fe0b9aef9952.pdf,processed_corpus\unique_pdfs\judgments,CriminalLawAmendmendAct2C20055B15D_fe0b9aef9952.pdf,105.7,,,PENDING
processed_corpus\unique_pdfs\judgments\IPC18605B15D_f25d61547212.pdf,processed_corpus\unique_pdfs\judgments,IPC18605B15D_f25d61547212.pdf,358.2,IPC->BNS,,PENDING
processed_corpus\unique_pdfs\judgments\jud-03082026_odtt_0_4ea4ec0e43f7.pdf,processed_corpus\unique_pdfs\judgments,jud-03082026_odtt_0_4ea4ec0e43f7.pdf,75.1,,,PENDING
processed_corpus\unique_pdfs\judgments\jud-03082026_odtt_1_034dd60ba257.pdf,processed_corpus\unique_pdfs\judgments,jud-03082026_odtt_1_034dd60ba257.pdf,54.4,,,PENDING
processed_corpus\unique_pdfs\judgments\jud-03082026_odtt_315f45517b22.pdf,processed_corpus\unique_pdfs\judgments,jud-03082026_odtt_315f45517b22.pdf,11.6,,,PENDING
processed_corpus\unique_pdfs\judgments\jud-04082026.odtttt_f0ead8a4e72b.pdf,processed_corpus\unique_pdfs\judgments,jud-04082026.odtttt_f0ead8a4e72b.pdf,52.6,,,PENDING
processed_corpus\unique_pdfs\judgments\jud-05082026.odttttt_0_da52db219428.pdf,processed_corpus\unique_pdfs\judgments,jud-05082026.odttttt_0_da52db219428.pdf,70.1,,,PENDING
processed_corpus\unique_pdfs\judgments\jud-05082026.odttttt_1_c067ebaffead.pdf,processed_corpus\unique_pdfs\judgments,jud-05082026.odttttt_1_c067ebaffead.pdf,10.9,,,PENDING
processed_corpus\unique_pdfs\judgments\jud-05082026.odttttt_72cb6d273117.pdf,processed_corpus\unique_pdfs\judgments,jud-05082026.odttttt_72cb6d273117.pdf,75.4,,,PENDING
processed_corpus\unique_pdfs\judgments\jud-31072026.odtt_eb0739b9030c.pdf,processed_corpus\unique_pdfs\judgments,jud-31072026.odtt_eb0739b9030c.pdf,54.4,,,PENDING
processed_corpus\unique_pdfs\judgments\jud_01_for_31.07.2026_1_6681cbfc853b.pdf,processed_corpus\unique_pdfs\judgments,jud_01_for_31.07.2026_1_6681cbfc853b.pdf,731.5,,07,PENDING
processed_corpus\unique_pdfs\judgments\jud_1_for_03.08.2026_3bb4838e4487.pdf,processed_corpus\unique_pdfs\judgments,jud_1_for_03.08.2026_3bb4838e4487.pdf,437.0,,08,PENDING
processed_corpus\unique_pdfs\judgments\j_03082026_11ff0665cb49.pdf,processed_corpus\unique_pdfs\judgments,j_03082026_11ff0665cb49.pdf,662.8,,,PENDING
processed_corpus\unique_pdfs\judgments\NBK04082026RFA732025_172059_132b07662711.pdf,processed_corpus\unique_pdfs\judgments,NBK04082026RFA732025_172059_132b07662711.pdf,801.4,,,PENDING
processed_corpus\unique_pdfs\judgments\NBK04082026RSA1852024_172035_3fad71eee1c8.pdf,processed_corpus\unique_pdfs\judgments,NBK04082026RSA1852024_172035_3fad71eee1c8.pdf,493.1,,,PENDING
processed_corpus\unique_pdfs\judgments\NBK04082026RSA572018_171930_8bd1e0684a85.pdf,processed_corpus\unique_pdfs\judgments,NBK04082026RSA572018_171930_8bd1e0684a85.pdf,820.9,,,PENDING
processed_corpus\unique_pdfs\judgments\pro_for_04.08.2026_060da2843297.pdf,processed_corpus\unique_pdfs\judgments,pro_for_04.08.2026_060da2843297.pdf,652.1,,08,PENDING
processed_corpus\unique_pdfs\judgments\pro_for_06.08.2026_273ab12b31ba.pdf,processed_corpus\unique_pdfs\judgments,pro_for_06.08.2026_273ab12b31ba.pdf,649.7,,08,PENDING
processed_corpus\unique_pdfs\notifications\250882_english_01042024_0_13e2b6eb66ad.pdf,processed_corpus\unique_pdfs\notifications,250882_english_01042024_0_13e2b6eb66ad.pdf,654.7,,,PENDING
processed_corpus\unique_pdfs\notifications\250884_2_english_01042024_5e60e2afe30d.pdf,processed_corpus\unique_pdfs\notifications,250884_2_english_01042024_5e60e2afe30d.pdf,1985.5,,,PENDING
processed_corpus\unique_pdfs\notifications\AuthenticationOrder20025B15D_5dc4a9bfb505.pdf,processed_corpus\unique_pdfs\notifications,AuthenticationOrder20025B15D_5dc4a9bfb505.pdf,14425.3,,,PENDING
processed_corpus\unique_pdfs\notifications\BiharReorAct2000_1309135B15D_b7ccfb27d9cf.pdf,processed_corpus\unique_pdfs\notifications,BiharReorAct2000_1309135B15D_b7ccfb27d9cf.pdf,737.0,,,PENDING
processed_corpus\unique_pdfs\notifications\BM-GSR-556E_05B15D_d500f098c4bc.pdf,processed_corpus\unique_pdfs\notifications,BM-GSR-556E_05B15D_d500f098c4bc.pdf,8303.7,,,PENDING
processed_corpus\unique_pdfs\notifications\CSCorr_1610145B15D_7c0e938d3754.pdf,processed_corpus\unique_pdfs\notifications,CSCorr_1610145B15D_7c0e938d3754.pdf,790.6,,,PENDING
processed_corpus\unique_pdfs\notifications\FC-rules20115B15D_40ad5948a2b2.pdf,processed_corpus\unique_pdfs\notifications,FC-rules20115B15D_40ad5948a2b2.pdf,2781.5,,,PENDING
processed_corpus\unique_pdfs\notifications\GazetteNotificationforRRURules_05012021_05B15D_ba44f64f9603.pdf,processed_corpus\unique_pdfs\notifications,GazetteNotificationforRRURules_05012021_05B15D_ba44f64f9603.pdf,1751.7,,,PENDING
processed_corpus\unique_pdfs\notifications\GazetteofIndia_09015B15D_f2d4ac5c3d74.pdf,processed_corpus\unique_pdfs\notifications,GazetteofIndia_09015B15D_f2d4ac5c3d74.pdf,1206.4,,,PENDING
processed_corpus\unique_pdfs\notifications\NDM_Noti1708095B15D_3d7ebcf63c6f.pdf,processed_corpus\unique_pdfs\notifications,NDM_Noti1708095B15D_3d7ebcf63c6f.pdf,3143.8,,,PENDING
processed_corpus\unique_pdfs\notifications\NotiAPReOrgAct_1504145B15D_f8b416c2caf2.pdf,processed_corpus\unique_pdfs\notifications,NotiAPReOrgAct_1504145B15D_f8b416c2caf2.pdf,226.0,,,PENDING
processed_corpus\unique_pdfs\notifications\NotiCustodian2520of2520Enemy2520Property612E_2909145B15D_20077e31f085.pdf,processed_corpus\unique_pdfs\notifications,NotiCustodian2520of2520Enemy2520Property612E_2909145B15D_20077e31f085.pdf,2710.7,,,PENDING
processed_corpus\unique_pdfs\notifications\NotiDeputyCustodianofEnemyProperty613E_2909145B15D_046b5318f22d.pdf,processed_corpus\unique_pdfs\notifications,NotiDeputyCustodianofEnemyProperty613E_2909145B15D_046b5318f22d.pdf,3836.9,,,PENDING
processed_corpus\unique_pdfs\notifications\Notification_061020205B15D_24cde9603727.pdf,processed_corpus\unique_pdfs\notifications,Notification_061020205B15D_24cde9603727.pdf,1075.2,,,PENDING
processed_corpus\unique_pdfs\notifications\RepatriationofPrisAct-20035B15D_56333cef8171.pdf,processed_corpus\unique_pdfs\notifications,RepatriationofPrisAct-20035B15D_56333cef8171.pdf,55.6,,,PENDING
processed_corpus\unique_pdfs\notifications\RulesBharatRatna26PadmaAwards_0_0_c8bcb6c4cbae.pdf,processed_corpus\unique_pdfs\notifications,RulesBharatRatna26PadmaAwards_0_0_c8bcb6c4cbae.pdf,524.2,,,PENDING
processed_corpus\unique_pdfs\notifications\The2520Procedure2520for2520Admission2520and2520Disposal2520of2520Application2520Rules2C252020045B15D_5f78457b827a.pdf,processed_corpus\unique_pdfs\notifications,The2520Procedure2520for2520Admission2520and2520Disposal2520of2520Application2520Rules2C252020045B15D_5f78457b827a.pdf,42.4,,,PENDING
processed_corpus\unique_pdfs\notifications\The2520Qualifications2520for2520the2520members2520of2520the2520Review2520Committee2520Rules2C252020045B15D_dc144d3b093a.pdf,processed_corpus\unique_pdfs\notifications,The2520Qualifications2520for2520the2520members2520of2520the2520Review2520Committee2520Rules2C252020045B15D_dc144d3b093a.pdf,32.5,,,PENDING
processed_corpus\unique_pdfs\notifications\The2520Unlawful2520Activities252028Prevention292520Rules2C25201968252028English295B15D_1bb7b0248d0f.pdf,processed_corpus\unique_pdfs\notifications,The2520Unlawful2520Activities252028Prevention292520Rules2C25201968252028English295B15D_1bb7b0248d0f.pdf,53.6,,,PENDING
processed_corpus\unique_pdfs\notifications\TheCitizenshipRules2009_02012025_1e406845b950.pdf,processed_corpus\unique_pdfs\notifications,TheCitizenshipRules2009_02012025_1e406845b950.pdf,3832.3,,,PENDING
processed_corpus\unique_pdfs\orders\34_f4709fc70a66.pdf,processed_corpus\unique_pdfs\orders,34_f4709fc70a66.pdf,6362.2,,,PENDING
processed_corpus\unique_pdfs\orders\CDRules1968_290520205B15D_0a0fa60b8f29.pdf,processed_corpus\unique_pdfs\orders,CDRules1968_290520205B15D_0a0fa60b8f29.pdf,112.1,,,PENDING
processed_corpus\unique_pdfs\orders\CTCRdiv_UnlawfulActivitiesAct1967_09012020_05B15D_ad2e355f3bdd.pdf,processed_corpus\unique_pdfs\orders,CTCRdiv_UnlawfulActivitiesAct1967_09012020_05B15D_ad2e355f3bdd.pdf,1064.0,,,PENDING
processed_corpus\unique_pdfs\orders\MPReorgAct2000_1309135B15D_1529dd642487.pdf,processed_corpus\unique_pdfs\orders,MPReorgAct2000_1309135B15D_1529dd642487.pdf,795.6,,,PENDING
processed_corpus\unique_pdfs\orders\PMS04082026CRLA6302026_163343_0e685bb9a662.pdf,processed_corpus\unique_pdfs\orders,PMS04082026CRLA6302026_163343_0e685bb9a662.pdf,469.2,,,PENDING
processed_corpus\unique_pdfs\orders\PS_Agencies_Regulation_Act20055B15D_ad16855e95d0.pdf,processed_corpus\unique_pdfs\orders,PS_Agencies_Regulation_Act20055B15D_ad16855e95d0.pdf,28.4,,,PENDING
processed_corpus\unique_pdfs\orders\tender_no._12382_27.07.2026_3cc7c87ba0f0.pdf,processed_corpus\unique_pdfs\orders,tender_no._12382_27.07.2026_3cc7c87ba0f0.pdf,1616.3,,07,PENDING
processed_corpus\unique_pdfs\orders\WP-No.32027W_43b0dff584e0.pdf,processed_corpus\unique_pdfs\orders,WP-No.32027W_43b0dff584e0.pdf,1516.4,,,PENDING
processed_corpus\unique_pdfs\recruitment\advertisement_for_senior_faculty_member_82845f2c64a0.pdf,processed_corpus\unique_pdfs\recruitment,advertisement_for_senior_faculty_member_82845f2c64a0.pdf,362.8,,,PENDING
processed_corpus\unique_pdfs\recruitment\download_admit_card_for_chfr25_2756cda14569.pdf,processed_corpus\unique_pdfs\recruitment,download_admit_card_for_chfr25_2756cda14569.pdf,49.6,,,PENDING
processed_corpus\unique_pdfs\rules\16it_1baf018b78f9.pdf,processed_corpus\unique_pdfs\rules,16it_1baf018b78f9.pdf,279.8,,,PENDING
processed_corpus\unique_pdfs\rules\AR-Rules252020105B15D_ad4ce9ddb59d.pdf,processed_corpus\unique_pdfs\rules,AR-Rules252020105B15D_ad4ce9ddb59d.pdf,777.9,,,PENDING
processed_corpus\unique_pdfs\rules\AssitantCustodian28E29_1311145B15D_532848e36fd1.pdf,processed_corpus\unique_pdfs\rules,AssitantCustodian28E29_1311145B15D_532848e36fd1.pdf,16.7,,,PENDING
processed_corpus\unique_pdfs\rules\CDRegulation1968_290520205B15D_d751fab2d094.pdf,processed_corpus\unique_pdfs\rules,CDRegulation1968_290520205B15D_d751fab2d094.pdf,1705.6,,,PENDING
processed_corpus\unique_pdfs\rules\cisfrules20015B15D_a15bba573b8c.pdf,processed_corpus\unique_pdfs\rules,cisfrules20015B15D_a15bba573b8c.pdf,198.6,,,PENDING
processed_corpus\unique_pdfs\rules\citizenship_rules2003_05B15D_543832184eaf.pdf,processed_corpus\unique_pdfs\rules,citizenship_rules2003_05B15D_543832184eaf.pdf,95.8,,,PENDING
processed_corpus\unique_pdfs\rules\crpf_rules19555B15D_7587db466e4e.pdf,processed_corpus\unique_pdfs\rules,crpf_rules19555B15D_7587db466e4e.pdf,178.6,,,PENDING
processed_corpus\unique_pdfs\rules\DANICS_DANIPS_RULES_20035B15D_a009b978862d.pdf,processed_corpus\unique_pdfs\rules,DANICS_DANIPS_RULES_20035B15D_a009b978862d.pdf,183.7,,,PENDING
processed_corpus\unique_pdfs\rules\DelhiMunicipalCorporationAct-1957_290420175B15D_d863ce641319.pdf,processed_corpus\unique_pdfs\rules,DelhiMunicipalCorporationAct-1957_290420175B15D_d863ce641319.pdf,1799.1,,,PENDING
processed_corpus\unique_pdfs\rules\DM_NEC_Rules20065B15D_21d1251371d1.pdf,processed_corpus\unique_pdfs\rules,DM_NEC_Rules20065B15D_21d1251371d1.pdf,372.4,,,PENDING
processed_corpus\unique_pdfs\rules\DM_NIDM_rules20065B15D_365850b98291.pdf,processed_corpus\unique_pdfs\rules,DM_NIDM_rules20065B15D_365850b98291.pdf,459.1,,,PENDING
processed_corpus\unique_pdfs\rules\DM_Regulation20065B15D_e3c8153b814b.pdf,processed_corpus\unique_pdfs\rules,DM_Regulation20065B15D_e3c8153b814b.pdf,679.8,,,PENDING
processed_corpus\unique_pdfs\rules\Emblem-Rules20075B15D_336b3a6adce4.pdf,processed_corpus\unique_pdfs\rules,Emblem-Rules20075B15D_336b3a6adce4.pdf,4111.6,,,PENDING
processed_corpus\unique_pdfs\rules\fr_rules_19925B15D_9b505881aafe.pdf,processed_corpus\unique_pdfs\rules,fr_rules_19925B15D_9b505881aafe.pdf,3342.8,,,PENDING
processed_corpus\unique_pdfs\rules\GovAmendActPublis_51828E29_20145B15D_d0f4e1b559cc.pdf,processed_corpus\unique_pdfs\rules,GovAmendActPublis_51828E29_20145B15D_d0f4e1b559cc.pdf,147.8,,,PENDING
processed_corpus\unique_pdfs\rules\GovrnorsActs26Rules_09082018_05B15D_1caf5587db19.pdf,processed_corpus\unique_pdfs\rules,GovrnorsActs26Rules_09082018_05B15D_1caf5587db19.pdf,115.1,,,PENDING
processed_corpus\unique_pdfs\rules\Investigation2520of2520High2520Quality2520Counterfeit2520Indian2520Currency2520Offences2520Rules2C252020135B15D_4f373b92bd0f.pdf,processed_corpus\unique_pdfs\rules,Investigation2520of2520High2520Quality2520Counterfeit2520Indian2520Currency2520Offences2520Rules2C252020135B15D_4f373b92bd0f.pdf,155.6,,,PENDING
processed_corpus\unique_pdfs\rules\ITBP-Rule-19945B15D_8314ff254af8.pdf,processed_corpus\unique_pdfs\rules,ITBP-Rule-19945B15D_8314ff254af8.pdf,376.7,,,PENDING
processed_corpus\unique_pdfs\rules\MinistersAllowanceRules1957_35B15D_127e9ffdb21f.pdf,processed_corpus\unique_pdfs\rules,MinistersAllowanceRules1957_35B15D_127e9ffdb21f.pdf,66.3,,,PENDING
processed_corpus\unique_pdfs\rules\MinistersResidenceRules19625B15D_ae1a3c9c3bd2.pdf,processed_corpus\unique_pdfs\rules,MinistersResidenceRules19625B15D_ae1a3c9c3bd2.pdf,19.6,,,PENDING
processed_corpus\unique_pdfs\rules\Noti80EAllowPrivAmendRule2015_0904155B15D_eb2e5ebaf4d8.pdf,processed_corpus\unique_pdfs\rules,Noti80EAllowPrivAmendRule2015_0904155B15D_eb2e5ebaf4d8.pdf,999.1,,,PENDING
processed_corpus\unique_pdfs\rules\NotificationCivilServicesAmedmentRule_0807165B15D_eb18f625f491.pdf,processed_corpus\unique_pdfs\rules,NotificationCivilServicesAmedmentRule_0807165B15D_eb18f625f491.pdf,142.3,,,PENDING
processed_corpus\unique_pdfs\rules\NSGRules19875B15D_4517dc31c3d3.pdf,processed_corpus\unique_pdfs\rules,NSGRules19875B15D_4517dc31c3d3.pdf,218.2,,,PENDING
processed_corpus\unique_pdfs\rules\Pondicherry_Rule_180520175B15D_33ba96fdaef8.pdf,processed_corpus\unique_pdfs\rules,Pondicherry_Rule_180520175B15D_33ba96fdaef8.pdf,226.6,,,PENDING
processed_corpus\unique_pdfs\rules\PresidentPensionRulesupto2018_090820185B15D_3c31322601bd.pdf,processed_corpus\unique_pdfs\rules,PresidentPensionRulesupto2018_090820185B15D_3c31322601bd.pdf,40.0,,,PENDING
processed_corpus\unique_pdfs\rules\Sikh2520Gurdwaras2520Board2520Election2520Rules2C252019595B15D_7f13a3c03c81.pdf,processed_corpus\unique_pdfs\rules,Sikh2520Gurdwaras2520Board2520Election2520Rules2C252019595B15D_7f13a3c03c81.pdf,664.9,,,PENDING
processed_corpus\unique_pdfs\rules\SSB-Rule20095B15D_337a9a0fd591.pdf,processed_corpus\unique_pdfs\rules,SSB-Rule20095B15D_337a9a0fd591.pdf,493.1,,,PENDING
processed_corpus\unique_pdfs\rules\TheArmsRules19625B15D_8cb36a593cc1.pdf,processed_corpus\unique_pdfs\rules,TheArmsRules19625B15D_8cb36a593cc1.pdf,16088.6,,,PENDING
processed_corpus\unique_pdfs\rules\TheCommissionsOfInquiryRules2C19725B15D_b16d076f5de3.pdf,processed_corpus\unique_pdfs\rules,TheCommissionsOfInquiryRules2C19725B15D_b16d076f5de3.pdf,23.6,,,PENDING
processed_corpus\unique_pdfs\rules\UpdatedGovernorsRules1987_051120185B15D_879599d982ed.pdf,processed_corpus\unique_pdfs\rules,UpdatedGovernorsRules1987_051120185B15D_879599d982ed.pdf,101.1,,,PENDING
processed_corpus\unique_pdfs\rules\UpdatedPresidentPensionRules1962_110520185B15D_b08d8ff5907c.pdf,processed_corpus\unique_pdfs\rules,UpdatedPresidentPensionRules1962_110520185B15D_b08d8ff5907c.pdf,41.4,,,PENDING
processed_corpus\unique_pdfs\rules\UpdatedVicePresidentRules1999_11052018_15B15D_e35d00931e9d.pdf,processed_corpus\unique_pdfs\rules,UpdatedVicePresidentRules1999_11052018_15B15D_e35d00931e9d.pdf,30.9,,,PENDING
processed_corpus\unique_pdfs\rules\VicePresidentRulesupto2018_090820185B15D_b105a859be5e.pdf,processed_corpus\unique_pdfs\rules,VicePresidentRulesupto2018_090820185B15D_b105a859be5e.pdf,30.9,,,PENDING
processed_corpus\unique_pdfs\unknown\StateEmblemRules-2010_05B15D_ff4e9d24264e.pdf,processed_corpus\unique_pdfs\unknown,StateEmblemRules-2010_05B15D_ff4e9d24264e.pdf,271.6,,,PENDING
Category\affidavits\WP-No.32027W.pdf,Category\affidavits,WP-No.32027W.pdf,1516.4,,,PENDING
Category\amendment_acts\ActAndRuleThe2520ArmsAct_171220195B15D.pdf,Category\amendment_acts,ActAndRuleThe2520ArmsAct_171220195B15D.pdf,694.2,,,PENDING
Category\amendment_acts\APRegACT2014_015B15D.pdf,Category\amendment_acts,APRegACT2014_015B15D.pdf,28.5,,,PENDING
Category\amendment_acts\CriminalLawAmendmentAct19615B15D.pdf,Category\amendment_acts,CriminalLawAmendmentAct19615B15D.pdf,13.9,,,PENDING
Category\amendment_acts\E-gazette5B15D.pdf,Category\amendment_acts,E-gazette5B15D.pdf,104.4,,,PENDING
Category\amendment_acts\GovEAPAmendmentAct2014_05B15D.pdf,Category\amendment_acts,GovEAPAmendmentAct2014_05B15D.pdf,75.7,,,PENDING
Category\amendment_acts\IS_IIActs_280820185B15D.pdf,Category\amendment_acts,IS_IIActs_280820185B15D.pdf,122.8,,,PENDING
Category\amendment_acts\MinisterAct1952_0807145B15D.pdf,Category\amendment_acts,MinisterAct1952_0807145B15D.pdf,16.6,,,PENDING
Category\amendment_acts\NationalSecAmndmntAct19845B15D.pdf,Category\amendment_acts,NationalSecAmndmntAct19845B15D.pdf,3546.0,,,PENDING
Category\amendment_acts\NotiSikhGurdwarasActAmendment_1205165B15D.PDF,Category\amendment_acts,NotiSikhGurdwarasActAmendment_1205165B15D.PDF,24.1,,,PENDING
Category\amendment_acts\PresidentsActupto2018_090820185B15D.pdf,Category\amendment_acts,PresidentsActupto2018_090820185B15D.pdf,23.6,,,PENDING
Category\amendment_acts\President_emoluments_act1951_UPDATED_5B15D.pdf,Category\amendment_acts,President_emoluments_act1951_UPDATED_5B15D.pdf,18.6,,,PENDING
Category\amendment_acts\The2520Unlawful2520Activities252028Prevention292520Amendment2520Act2C25202008252028English295B15D.pdf,Category\amendment_acts,The2520Unlawful2520Activities252028Prevention292520Amendment2520Act2C25202008252028English295B15D.pdf,169.1,,,PENDING
Category\amendment_acts\The2520Unlawful2520Activities252028Prevention292520Amendment2520Act2C25202012252028English295B15D.pdf,Category\amendment_acts,The2520Unlawful2520Activities252028Prevention292520Amendment2520Act2C25202012252028English295B15D.pdf,751.5,,,PENDING
Category\amendment_acts\TheCrimnalLaw0304135B15D.pdf,Category\amendment_acts,TheCrimnalLaw0304135B15D.pdf,5157.8,,,PENDING
Category\amendment_acts\TheForeignContributionAmendmentAct_2020_091020205B15D.pdf,Category\amendment_acts,TheForeignContributionAmendmentAct_2020_091020205B15D.pdf,297.0,,,PENDING
Category\amendment_acts\VicePresidentActupto2018_090820185B15D.pdf,Category\amendment_acts,VicePresidentActupto2018_090820185B15D.pdf,21.6,,,PENDING
Category\amendment_acts\Vice_presidents_pension_act19975B15D.pdf,Category\amendment_acts,Vice_presidents_pension_act19975B15D.pdf,17.7,,,PENDING
Category\arbitral_awards\74905082026FAOC822026_132213.pdf,Category\arbitral_awards,74905082026FAOC822026_132213.pdf,666.1,,,PENDING
Category\bills\250882_english_01042024_0.pdf,Category\bills,250882_english_01042024_0.pdf,654.7,,,PENDING
Category\bills\250883_english_01042024.pdf,Category\bills,250883_english_01042024.pdf,1293.2,,,PENDING
Category\bills\IPC18605B15D.pdf,Category\bills,IPC18605B15D.pdf,358.2,IPC->BNS,,PENDING
Category\bills\Paper_4_Business_Law_&_Management_CSEET_18122025.pdf,Category\bills,Paper_4_Business_Law_&_Management_CSEET_18122025.pdf,4323.7,,,PENDING
Category\central_acts\ACT_CTCR_UnlawfulActivitiest_300820195B15D.pdf,Category\central_acts,ACT_CTCR_UnlawfulActivitiest_300820195B15D.pdf,1048.3,,,PENDING
Category\central_acts\APRegACT2014_05B15D.pdf,Category\central_acts,APRegACT2014_05B15D.pdf,205.4,,,PENDING
Category\central_acts\Ayodhya_Act19935B15D.pdf,Category\central_acts,Ayodhya_Act19935B15D.pdf,45.0,,,PENDING
Category\central_acts\bsfAct26Rules5B15D.pdf,Category\central_acts,bsfAct26Rules5B15D.pdf,5541.4,,,PENDING
Category\central_acts\CDAct1968_290520205B15D.pdf,Category\central_acts,CDAct1968_290520205B15D.pdf,962.1,,,PENDING
Category\central_acts\census_act_19485B15D.pdf,Category\central_acts,census_act_19485B15D.pdf,92.2,,,PENDING
Category\central_acts\CIAct19525B15D.pdf,Category\central_acts,CIAct19525B15D.pdf,25.2,,,PENDING
Category\central_acts\cisfact19685B15D.pdf,Category\central_acts,cisfact19685B15D.pdf,60.0,,,PENDING
Category\central_acts\CitizenshipAct1955_02012025_0.pdf,Category\central_acts,CitizenshipAct1955_02012025_0.pdf,603.4,,,PENDING
Category\central_acts\CriminalLawAmendmendAct2C20055B15D.pdf,Category\central_acts,CriminalLawAmendmendAct2C20055B15D.pdf,105.7,,,PENDING
Category\central_acts\CSdivTheCriminalLawAct_14082018_25B15D.pdf,Category\central_acts,CSdivTheCriminalLawAct_14082018_25B15D.pdf,1606.8,,,PENDING
Category\central_acts\GOVERNORSEmoluments_Act19825B15D.pdf,Category\central_acts,GOVERNORSEmoluments_Act19825B15D.pdf,78.9,,,PENDING
Category\central_acts\ITBP-Act19925B15D.pdf,Category\central_acts,ITBP-Act19925B15D.pdf,185.1,,,PENDING
Category\central_acts\LAPI-Act-0808115B15D.pdf,Category\central_acts,LAPI-Act-0808115B15D.pdf,11530.8,,,PENDING
Category\central_acts\NSGAct19865B15D.pdf,Category\central_acts,NSGAct19865B15D.pdf,126.7,,,PENDING
Category\central_acts\Official_Secret_Act19235B15D.pdf,Category\central_acts,Official_Secret_Act19235B15D.pdf,31.5,,,PENDING
Category\central_acts\PlaceWorshipAct19915B15D.pdf,Category\central_acts,PlaceWorshipAct19915B15D.pdf,12.3,,,PENDING
Category\central_acts\PptEntryAct19205B15D.pdf,Category\central_acts,PptEntryAct19205B15D.pdf,12.3,,,PENDING
Category\central_acts\Prisons_act18945B15D.pdf,Category\central_acts,Prisons_act18945B15D.pdf,61.3,,,PENDING
Category\central_acts\PS_Agencies_Regulation_Act20055B15D.pdf,Category\central_acts,PS_Agencies_Regulation_Act20055B15D.pdf,28.4,,,PENDING
Category\central_acts\PublicProDamgeAct_200515_05B15D.pdf,Category\central_acts,PublicProDamgeAct_200515_05B15D.pdf,1060.6,,,PENDING
Category\central_acts\rbd_act_19695B15D.pdf,Category\central_acts,rbd_act_19695B15D.pdf,107.3,,,PENDING
Category\central_acts\RepatriationofPrisAct-20035B15D.pdf,Category\central_acts,RepatriationofPrisAct-20035B15D.pdf,55.6,,,PENDING
Category\central_acts\Section236oftheFinanceAct_2016_091020205B15D.pdf,Category\central_acts,Section236oftheFinanceAct_2016_091020205B15D.pdf,6725.9,,,PENDING
Category\central_acts\Sikh_Gurrdwara_Act19255B15D.pdf,Category\central_acts,Sikh_Gurrdwara_Act19255B15D.pdf,480.7,,,PENDING
Category\central_acts\SSB-Act20075B15D.pdf,Category\central_acts,SSB-Act20075B15D.pdf,192.0,,,PENDING
Category\central_acts\The2520Armed2520Forces252028Jammu2520and2520Kashmir292520Special2520Powers2520Act2C252019905B15D.pdf,Category\central_acts,The2520Armed2520Forces252028Jammu2520and2520Kashmir292520Special2520Powers2520Act2C252019905B15D.pdf,216.7,,,PENDING
Category\central_acts\The2520Bombay2520Reorganisation2520Act25201960_2706145B15D.pdf,Category\central_acts,The2520Bombay2520Reorganisation2520Act25201960_2706145B15D.pdf,386.6,,,PENDING
Category\central_acts\The2520Disaster2520Management2520Act2C252020055B15D.pdf,Category\central_acts,The2520Disaster2520Management2520Act2C252020055B15D.pdf,381.4,,,PENDING
Category\central_acts\The2520National2520Investigation2520Agency2520Act2C25202008252028English295B15D.pdf,Category\central_acts,The2520National2520Investigation2520Agency2520Act2C25202008252028English295B15D.pdf,260.1,,,PENDING
Category\central_acts\The2520Unlawful2520Activities252028Prevention292520Act2C25201967252028English295B15D.pdf,Category\central_acts,The2520Unlawful2520Activities252028Prevention292520Act2C25201967252028English295B15D.pdf,451.6,,,PENDING
Category\central_acts\TheCCP28Amendment29Act2C20055B15D.pdf,Category\central_acts,TheCCP28Amendment29Act2C20055B15D.pdf,72.1,,,PENDING
Category\central_acts\TheEnemypropertyAct2C19685B15D.pdf,Category\central_acts,TheEnemypropertyAct2C19685B15D.pdf,4729.5,,,PENDING
Category\central_acts\THENATIONALINVESTIGATIONAGENCYACT2008_03032020_05B15D.pdf,Category\central_acts,THENATIONALINVESTIGATIONAGENCYACT2008_03032020_05B15D.pdf,407.8,,,PENDING
Category\central_acts\ThePunjabSpecialPowersAct19565B15D.pdf,Category\central_acts,ThePunjabSpecialPowersAct19565B15D.pdf,16.0,,,PENDING
Category\constitution_and_constitutional_documents\67905082026CMM18452023_190800.pdf,Category\constitution_and_constitutional_documents,67905082026CMM18452023_190800.pdf,670.6,,,PENDING
Category\constitution_and_constitutional_documents\DANICS_DANIPS_RULES_20035B15D.pdf,Category\constitution_and_constitutional_documents,DANICS_DANIPS_RULES_20035B15D.pdf,183.7,,,PENDING
Category\constitution_and_constitutional_documents\GazetteofIndia_09015B15D.pdf,Category\constitution_and_constitutional_documents,GazetteofIndia_09015B15D.pdf,1206.4,,,PENDING
Category\constitution_and_constitutional_documents\important_instructions_dhjs-2026.pdf,Category\constitution_and_constitutional_documents,important_instructions_dhjs-2026.pdf,689.5,,,PENDING
Category\constitution_and_constitutional_documents\PMS04082026CRLA6302026_163343.pdf,Category\constitution_and_constitutional_documents,PMS04082026CRLA6302026_163343.pdf,469.2,,,PENDING
Category\constitution_and_constitutional_documents\Prevention_Insults_National_Honour_Act1971.pdf,Category\constitution_and_constitutional_documents,Prevention_Insults_National_Honour_Act1971.pdf,15.1,,,PENDING
Category\constitution_and_constitutional_documents\TheConst96AndmtAct20115B15D.pdf,Category\constitution_and_constitutional_documents,TheConst96AndmtAct20115B15D.pdf,180.4,,,PENDING
Category\gazette_publications\AuthenticationOrder20025B15D.pdf,Category\gazette_publications,AuthenticationOrder20025B15D.pdf,14425.3,,,PENDING
Category\gazette_publications\BM-GSR-556E_05B15D.pdf,Category\gazette_publications,BM-GSR-556E_05B15D.pdf,8303.7,,,PENDING
Category\gazette_publications\CSCorr_1610145B15D.pdf,Category\gazette_publications,CSCorr_1610145B15D.pdf,790.6,,,PENDING
Category\gazette_publications\NDM_Noti1708095B15D.pdf,Category\gazette_publications,NDM_Noti1708095B15D.pdf,3143.8,,,PENDING
Category\government_guidelines\Certificate-of-MHA.pdf,Category\government_guidelines,Certificate-of-MHA.pdf,590.7,,,PENDING
Category\high_court_judgments\33.dhc.pdf,Category\high_court_judgments,33.dhc.pdf,9095.8,,33,PENDING
Category\high_court_judgments\60804082026BA17122026_174305.pdf,Category\high_court_judgments,60804082026BA17122026_174305.pdf,846.1,,,PENDING
Category\high_court_judgments\60805082026CRLMM19792026_174148.pdf,Category\high_court_judgments,60805082026CRLMM19792026_174148.pdf,875.1,,,PENDING
Category\high_court_judgments\75504082026CRLA3482026_213422.pdf,Category\high_court_judgments,75504082026CRLA3482026_213422.pdf,438.4,,,PENDING
Category\high_court_judgments\bcbc61df3b552a46b7155303bedf6a75830021414aa81943d4d469ea40fe56e61785957183.pdf,Category\high_court_judgments,bcbc61df3b552a46b7155303bedf6a75830021414aa81943d4d469ea40fe56e61785957183.pdf,532.9,,,PENDING
Category\high_court_judgments\MPReorgAct2000_1309135B15D.PDF,Category\high_court_judgments,MPReorgAct2000_1309135B15D.PDF,795.6,,,PENDING
Category\high_court_orders\01-original.pdf,Category\high_court_orders,01-original.pdf,6679.3,,01,PENDING
Category\high_court_orders\12175.pdf,Category\high_court_orders,12175.pdf,1911.7,,,PENDING
Category\high_court_orders\12782.pdf,Category\high_court_orders,12782.pdf,2199.5,,,PENDING
Category\high_court_orders\34.pdf,Category\high_court_orders,34.pdf,6362.2,,34,PENDING
Category\high_court_orders\60804082026BA31102026_174347.pdf,Category\high_court_orders,60804082026BA31102026_174347.pdf,793.3,,,PENDING
Category\high_court_orders\60805082026BA31232026_174505.pdf,Category\high_court_orders,60805082026BA31232026_174505.pdf,804.4,,,PENDING
Category\high_court_orders\60805082026CRLMM10872026_174424.pdf,Category\high_court_orders,60805082026CRLMM10872026_174424.pdf,763.9,,,PENDING
Category\high_court_orders\60805082026CRLRMAT5112025_174251.pdf,Category\high_court_orders,60805082026CRLRMAT5112025_174251.pdf,793.2,,,PENDING
Category\high_court_orders\62exam.pdf,Category\high_court_orders,62exam.pdf,1044.4,,,PENDING
Category\high_court_orders\66-exams-nj.pdf,Category\high_court_orders,66-exams-nj.pdf,145.6,,66,PENDING
Category\high_court_orders\ACT_CTCR_300820195B15D.pdf,Category\high_court_orders,ACT_CTCR_300820195B15D.pdf,935.7,,,PENDING
Category\high_court_orders\notice_of_dhjs.pdf,Category\high_court_orders,notice_of_dhjs.pdf,1571.5,,,PENDING
Category\high_court_orders\Protection2520of2520HR2520Act19935B15D.pdf,Category\high_court_orders,Protection2520of2520HR2520Act19935B15D.pdf,40.8,,,PENDING
Category\high_court_orders\tender_no._12382_27.07.2026.pdf,Category\high_court_orders,tender_no._12382_27.07.2026.pdf,1616.3,,07,PENDING
Category\legal_notices\NBK04082026RSA1852024_172035.pdf,Category\legal_notices,NBK04082026RSA1852024_172035.pdf,493.1,,,PENDING
Category\notifications\ActAndRule_TheSpecialProtectingGroup_171220195B15D.PDF,Category\notifications,ActAndRule_TheSpecialProtectingGroup_171220195B15D.PDF,830.1,,,PENDING
Category\notifications\arms2520act-19595B15D.pdf,Category\notifications,arms2520act-19595B15D.pdf,58.6,,,PENDING
Category\notifications\AssitantCustodian28E29_1311145B15D.pdf,Category\notifications,AssitantCustodian28E29_1311145B15D.pdf,16.7,,,PENDING
Category\notifications\census_rules_1990_05B15D.pdf,Category\notifications,census_rules_1990_05B15D.pdf,72.3,,,PENDING
Category\notifications\Chif_gurudwara_rules_2010145B15D.PDF,Category\notifications,Chif_gurudwara_rules_2010145B15D.PDF,57.7,,,PENDING
Category\notifications\citizenship_rules2003_05B15D.pdf,Category\notifications,citizenship_rules2003_05B15D.pdf,95.8,,,PENDING
Category\notifications\Compoundingnotification06062018_15B15D.pdf,Category\notifications,Compoundingnotification06062018_15B15D.pdf,1762.8,,,PENDING
Category\notifications\DeclarationoftheNationalLiberation_301120185B15D_0.pdf,Category\notifications,DeclarationoftheNationalLiberation_301120185B15D_0.pdf,31.0,,,PENDING
Category\notifications\DM_Athority_rules20065B15D.pdf,Category\notifications,DM_Athority_rules20065B15D.pdf,109.8,,,PENDING
Category\notifications\DM_NEC_Rules20065B15D.pdf,Category\notifications,DM_NEC_Rules20065B15D.pdf,372.4,,,PENDING
Category\notifications\DM_NIDM_rules20065B15D.pdf,Category\notifications,DM_NIDM_rules20065B15D.pdf,459.1,,,PENDING
Category\notifications\DM_Regulation20065B15D.pdf,Category\notifications,DM_Regulation20065B15D.pdf,679.8,,,PENDING
Category\notifications\Emblem-Rules20075B15D.pdf,Category\notifications,Emblem-Rules20075B15D.pdf,4111.6,,,PENDING
Category\notifications\ExplosiveSubstancesAct19085B15D.pdf,Category\notifications,ExplosiveSubstancesAct19085B15D.pdf,12.9,,,PENDING
Category\notifications\FCRAAMENDMENT2020_MHANotification_091020205B15D.pdf,Category\notifications,FCRAAMENDMENT2020_MHANotification_091020205B15D.pdf,856.1,,,PENDING
Category\notifications\gazette-dm5B15D.pdf,Category\notifications,gazette-dm5B15D.pdf,999.5,,,PENDING
Category\notifications\GazetteNotificationforRRURules_05012021_05B15D.pdf,Category\notifications,GazetteNotificationforRRURules_05012021_05B15D.pdf,1751.7,,,PENDING
Category\notifications\GovAmendActPublis_51828E29_20145B15D.pdf,Category\notifications,GovAmendActPublis_51828E29_20145B15D.pdf,147.8,,,PENDING
Category\notifications\GovernmentNationalCapitalTerritoryAct5B15D.pdf,Category\notifications,GovernmentNationalCapitalTerritoryAct5B15D.pdf,85.4,,,PENDING
Category\notifications\GovernmentUnionterritoriesAct19635B15D.pdf,Category\notifications,GovernmentUnionterritoriesAct19635B15D.pdf,158.2,,,PENDING
Category\notifications\ITBP-Rule-19945B15D.pdf,Category\notifications,ITBP-Rule-19945B15D.pdf,376.7,,,PENDING
Category\notifications\NDMCACT19441_290420175B15D.pdf,Category\notifications,NDMCACT19441_290420175B15D.pdf,27120.2,,,PENDING
Category\notifications\Noti2186-0208135B15D.pdf,Category\notifications,Noti2186-0208135B15D.pdf,3099.5,,,PENDING
Category\notifications\Noti80EAllowPrivAmendRule2015_0904155B15D.pdf,Category\notifications,Noti80EAllowPrivAmendRule2015_0904155B15D.pdf,999.1,,,PENDING
Category\notifications\NotiAPReOrgAct_1504145B15D.pdf,Category\notifications,NotiAPReOrgAct_1504145B15D.pdf,226.0,,,PENDING
Category\notifications\NotiCustodian2520of2520Enemy2520Property612E_2909145B15D.pdf,Category\notifications,NotiCustodian2520of2520Enemy2520Property612E_2909145B15D.pdf,2710.7,,,PENDING
Category\notifications\NotificationCivilServicesAmedmentRule_0807165B15D.pdf,Category\notifications,NotificationCivilServicesAmedmentRule_0807165B15D.pdf,142.3,,,PENDING
Category\notifications\Notification_061020205B15D.pdf,Category\notifications,Notification_061020205B15D.pdf,1075.2,,,PENDING
Category\notifications\repealedfileopen.pdf,Category\notifications,repealedfileopen.pdf,1079.0,,,PENDING
Category\notifications\The2520National2520Investigation2520Agency252028Manner2520of2520Constitution292520Rules2C25202008252028English2520262520Hindi295B15D.pdf,Category\notifications,The2520National2520Investigation2520Agency252028Manner2520of2520Constitution292520Rules2C25202008252028English2520262520Hindi295B15D.pdf,84.8,Constitution,,PENDING
Category\notifications\The2520Procedure2520for2520Admission2520and2520Disposal2520of2520Application2520Rules2C252020045B15D.pdf,Category\notifications,The2520Procedure2520for2520Admission2520and2520Disposal2520of2520Application2520Rules2C252020045B15D.pdf,42.4,,,PENDING
Category\notifications\The2520Qualifications2520for2520the2520members2520of2520the2520Review2520Committee2520Rules2C252020045B15D.pdf,Category\notifications,The2520Qualifications2520for2520the2520members2520of2520the2520Review2520Committee2520Rules2C252020045B15D.pdf,32.5,,,PENDING
Category\notifications\TheForeignersAct19465B15D.pdf,Category\notifications,TheForeignersAct19465B15D.pdf,26.1,,,PENDING
Category\notifications\The_Registration_of_Foreigners_Act_19395B15D.pdf,Category\notifications,The_Registration_of_Foreigners_Act_19395B15D.pdf,14.5,,,PENDING
Category\notifications\Young_Persons_Harmful2520Publication_2520Act19565B15D.pdf,Category\notifications,Young_Persons_Harmful2520Publication_2520Act19565B15D.pdf,13.3,,,PENDING
Category\office_memoranda\CTCRdiv_UnlawfulActivitiesAct1967_09012020_05B15D.PDF,Category\office_memoranda,CTCRdiv_UnlawfulActivitiesAct1967_09012020_05B15D.PDF,1064.0,,,PENDING
Category\office_memoranda\RRU_201120205B15D.pdf,Category\office_memoranda,RRU_201120205B15D.pdf,704.9,,,PENDING
Category\ordinances\AmendmenttotheEnemyPropertyAct_110120165B15D.PDF,Category\ordinances,AmendmenttotheEnemyPropertyAct_110120165B15D.PDF,134.1,,,PENDING
Category\ordinances\EnemyPropertyFourthOrdinanceDated280820165B15D.pdf,Category\ordinances,EnemyPropertyFourthOrdinanceDated280820165B15D.pdf,1376.0,,,PENDING
Category\ordinances\EnemyProperty_ThirdOrdiance_31-05-20165B15D.pdf,Category\ordinances,EnemyProperty_ThirdOrdiance_31-05-20165B15D.pdf,698.8,,05,PENDING
Category\ordinances\LotteriesAct-19985B15D.pdf,Category\ordinances,LotteriesAct-19985B15D.pdf,35.4,,,PENDING
Category\ordinances\odishaAlterationAct20115B15D.pdf,Category\ordinances,odishaAlterationAct20115B15D.pdf,362.4,,,PENDING
Category\ordinances\PDPPA2C19845B15D.pdf,Category\ordinances,PDPPA2C19845B15D.pdf,42.0,,,PENDING
Category\ordinances\ReligiousInstitutionsAct19885B15D.pdf,Category\ordinances,ReligiousInstitutionsAct19885B15D.pdf,36.0,,,PENDING
Category\ordinances\TheRashtriyaRakshaUniversityAct2020_05012021_15B15D.pdf,Category\ordinances,TheRashtriyaRakshaUniversityAct2020_05012021_15B15D.pdf,329.7,,,PENDING
Category\recruitment_and_examinations\admit_card_dhjs_2026.pdf,Category\recruitment_and_examinations,admit_card_dhjs_2026.pdf,11.4,,,PENDING
Category\recruitment_and_examinations\answer_key_dhjs.pdf,Category\recruitment_and_examinations,answer_key_dhjs.pdf,76.4,,,PENDING
Category\recruitment_and_examinations\apply_link_for_dhjs_2026.pdf,Category\recruitment_and_examinations,apply_link_for_dhjs_2026.pdf,4.4,,,PENDING
Category\recruitment_and_examinations\download_admit_card_for_chfr25.pdf,Category\recruitment_and_examinations,download_admit_card_for_chfr25.pdf,49.6,,,PENDING
Category\regulations\CDRegulation1968_290520205B15D.pdf,Category\regulations,CDRegulation1968_290520205B15D.pdf,1705.6,,,PENDING
Category\repealing_and_amending_acts\armed_forces_special_powers_act19585B15D.pdf,Category\repealing_and_amending_acts,armed_forces_special_powers_act19585B15D.pdf,18.8,,,PENDING
Category\repealing_and_amending_acts\Transfer_prisoners_act19505B15D.pdf,Category\repealing_and_amending_acts,Transfer_prisoners_act19505B15D.pdf,13.6,,,PENDING
Category\rules\59605082026CRLMM29002021_181558.pdf,Category\rules,59605082026CRLMM29002021_181558.pdf,1368.2,,,PENDING
Category\rules\adv-eng_dhjs-2026.pdf,Category\rules,adv-eng_dhjs-2026.pdf,264.3,,,PENDING
Category\rules\AR-Rules252020105B15D.pdf,Category\rules,AR-Rules252020105B15D.pdf,777.9,,,PENDING
Category\rules\CDRules1968_290520205B15D.pdf,Category\rules,CDRules1968_290520205B15D.pdf,112.1,,,PENDING
Category\rules\cisfrules20015B15D.pdf,Category\rules,cisfrules20015B15D.pdf,198.6,,,PENDING
Category\rules\fr_rules_19925B15D.pdf,Category\rules,fr_rules_19925B15D.pdf,3342.8,,,PENDING
Category\rules\GovrnorsActs26Rules_09082018_05B15D.pdf,Category\rules,GovrnorsActs26Rules_09082018_05B15D.pdf,115.1,,,PENDING
Category\rules\Investigation2520of2520High2520Quality2520Counterfeit2520Indian2520Currency2520Offences2520Rules2C252020135B15D.PDF,Category\rules,Investigation2520of2520High2520Quality2520Counterfeit2520Indian2520Currency2520Offences2520Rules2C252020135B15D.PDF,155.6,,,PENDING
Category\rules\MinistersAllowanceRules1957_35B15D.pdf,Category\rules,MinistersAllowanceRules1957_35B15D.pdf,66.3,,,PENDING
Category\rules\MinistersResidenceRules19625B15D.pdf,Category\rules,MinistersResidenceRules19625B15D.pdf,19.6,,,PENDING
Category\rules\NSGRules19875B15D.pdf,Category\rules,NSGRules19875B15D.pdf,218.2,,,PENDING
Category\rules\Sikh2520Gurdwaras2520Board2520Election2520Rules2C252019595B15D.PDF,Category\rules,Sikh2520Gurdwaras2520Board2520Election2520Rules2C252019595B15D.PDF,664.9,,,PENDING
Category\rules\SSB-Rule20095B15D.pdf,Category\rules,SSB-Rule20095B15D.pdf,493.1,,,PENDING
Category\rules\TheArmsRules19625B15D.pdf,Category\rules,TheArmsRules19625B15D.pdf,16088.6,,,PENDING
Category\rules\TheCommissionsOfInquiryRules2C19725B15D.pdf,Category\rules,TheCommissionsOfInquiryRules2C19725B15D.pdf,23.6,,,PENDING
Category\rules\UpdatedGovernorsRules1987_051120185B15D.pdf,Category\rules,UpdatedGovernorsRules1987_051120185B15D.pdf,101.1,,,PENDING
Category\schemes\crpf_rules19555B15D.pdf,Category\schemes,crpf_rules19555B15D.pdf,178.6,,,PENDING
Category\supreme_court_judgments\32.d3.pdf,Category\supreme_court_judgments,32.d3.pdf,8990.1,,32,PENDING
Category\supreme_court_judgments\68-it_cell.pdf,Category\supreme_court_judgments,68-it_cell.pdf,765.5,,68,PENDING
Category\supreme_court_orders\16it.pdf,Category\supreme_court_orders,16it.pdf,279.8,,,PENDING
Category\supreme_court_orders\250884_2_english_01042024.pdf,Category\supreme_court_orders,250884_2_english_01042024.pdf,1985.5,,,PENDING
Category\supreme_court_orders\33673_2026_1_12_72183_order_24-jul-2026.pdf,Category\supreme_court_orders,33673_2026_1_12_72183_order_24-jul-2026.pdf,195.4,,,PENDING
Category\supreme_court_orders\ccp19735B15D.pdf,Category\supreme_court_orders,ccp19735B15D.pdf,628.6,,,PENDING
Category\tribunal_decisions\A2013-18.pdf,Category\tribunal_decisions,A2013-18.pdf,3205.0,,18,PENDING
Category\tribunal_decisions\DelhiMunicipalCorporationAct-1957_290420175B15D.pdf,Category\tribunal_decisions,DelhiMunicipalCorporationAct-1957_290420175B15D.pdf,1799.1,,,PENDING
Category\unclassified\2011amendmentinDMCAct1957_290420175B15D.pdf,Category\unclassified,2011amendmentinDMCAct1957_290420175B15D.pdf,19820.2,,,PENDING
Category\unclassified\76005082026CRLA8442017_144004.pdf,Category\unclassified,76005082026CRLA8442017_144004.pdf,688.9,,,PENDING
Category\unclassified\advertisement_for_senior_faculty_member.pdf,Category\unclassified,advertisement_for_senior_faculty_member.pdf,362.8,,,PENDING
Category\unclassified\AssamRifesAct20065B15D.pdf,Category\unclassified,AssamRifesAct20065B15D.pdf,10085.8,,,PENDING
Category\unclassified\bank_account_details_dhc.pdf,Category\unclassified,bank_account_details_dhc.pdf,104.5,,,PENDING
Category\unclassified\BiharReorAct2000_1309135B15D.PDF,Category\unclassified,BiharReorAct2000_1309135B15D.PDF,737.0,,,PENDING
Category\unclassified\combinbed_pro_05.08.2026.pdf,Category\unclassified,combinbed_pro_05.08.2026.pdf,526.6,,08,PENDING
Category\unclassified\combined_pro_31.07.2026.pdf,Category\unclassified,combined_pro_31.07.2026.pdf,650.2,,07,PENDING
Category\unclassified\crpf_act19495B15D.pdf,Category\unclassified,crpf_act19495B15D.pdf,28.0,,,PENDING
Category\unclassified\FC-RegulationAct-2010-C5B15D.pdf,Category\unclassified,FC-RegulationAct-2010-C5B15D.pdf,7935.3,,,PENDING
Category\unclassified\FC-rules20115B15D.pdf,Category\unclassified,FC-rules20115B15D.pdf,2781.5,,,PENDING
Category\unclassified\jud-03082026_odtt.pdf,Category\unclassified,jud-03082026_odtt.pdf,11.6,,,PENDING
Category\unclassified\jud-03082026_odtt_0.pdf,Category\unclassified,jud-03082026_odtt_0.pdf,75.1,,,PENDING
Category\unclassified\jud-03082026_odtt_1.pdf,Category\unclassified,jud-03082026_odtt_1.pdf,54.4,,,PENDING
Category\unclassified\jud-04082026.odtttt.pdf,Category\unclassified,jud-04082026.odtttt.pdf,52.6,,,PENDING
Category\unclassified\jud-05082026.odttttt.pdf,Category\unclassified,jud-05082026.odttttt.pdf,75.4,,,PENDING
Category\unclassified\jud-05082026.odttttt_0.pdf,Category\unclassified,jud-05082026.odttttt_0.pdf,70.1,,,PENDING
Category\unclassified\jud-05082026.odttttt_1.pdf,Category\unclassified,jud-05082026.odttttt_1.pdf,10.9,,,PENDING
Category\unclassified\jud-31072026.odtt.pdf,Category\unclassified,jud-31072026.odtt.pdf,54.4,,,PENDING
Category\unclassified\jud_01_for_31.07.2026_1.pdf,Category\unclassified,jud_01_for_31.07.2026_1.pdf,731.5,,07,PENDING
Category\unclassified\jud_1_for_03.08.2026.pdf,Category\unclassified,jud_1_for_03.08.2026.pdf,437.0,,08,PENDING
Category\unclassified\j_03082026.pdf,Category\unclassified,j_03082026.pdf,662.8,,,PENDING
Category\unclassified\NBK04082026RFA732025_172059.pdf,Category\unclassified,NBK04082026RFA732025_172059.pdf,801.4,,,PENDING
Category\unclassified\NBK04082026RSA572018_171930.pdf,Category\unclassified,NBK04082026RSA572018_171930.pdf,820.9,,,PENDING
Category\unclassified\NotiDeputyCustodianofEnemyProperty613E_2909145B15D.pdf,Category\unclassified,NotiDeputyCustodianofEnemyProperty613E_2909145B15D.pdf,3836.9,,,PENDING
Category\unclassified\OSA25201923_25042017_05B15D.pdf,Category\unclassified,OSA25201923_25042017_05B15D.pdf,3990.7,,,PENDING
Category\unclassified\Pondicherry_Rule_180520175B15D.PDF,Category\unclassified,Pondicherry_Rule_180520175B15D.PDF,226.6,,,PENDING
Category\unclassified\PresidentPensionRulesupto2018_090820185B15D.pdf,Category\unclassified,PresidentPensionRulesupto2018_090820185B15D.pdf,40.0,,,PENDING
Category\unclassified\pro_for_04.08.2026.pdf,Category\unclassified,pro_for_04.08.2026.pdf,652.1,,08,PENDING
Category\unclassified\pro_for_06.08.2026.pdf,Category\unclassified,pro_for_06.08.2026.pdf,649.7,,08,PENDING
Category\unclassified\RepatriationRules20045B15D.pdf,Category\unclassified,RepatriationRules20045B15D.pdf,34.8,,,PENDING
Category\unclassified\RulesBharatRatna26PadmaAwards_0_0.pdf,Category\unclassified,RulesBharatRatna26PadmaAwards_0_0.pdf,524.2,,,PENDING
Category\unclassified\Section220oftheFinanceAct_2018_091020205B15D.pdf,Category\unclassified,Section220oftheFinanceAct_2018_091020205B15D.pdf,6976.8,,,PENDING
Category\unclassified\StateEmblemRules-2010_05B15D.pdf,Category\unclassified,StateEmblemRules-2010_05B15D.pdf,271.6,,,PENDING
Category\unclassified\STATE_EMBLEM_ACT2005.pdf,Category\unclassified,STATE_EMBLEM_ACT2005.pdf,28.2,,,PENDING
Category\unclassified\The2520State2520Reorganisation2520Act25201956_2706145B15D.pdf,Category\unclassified,The2520State2520Reorganisation2520Act25201956_2706145B15D.pdf,396.5,,,PENDING
Category\unclassified\The2520Unlawful2520Activities252028Prevention29252028Recommendation2520and2520Sanction2520of2520Prosecution292520Rules2C25202008252028English2520262520Hindi295B15D.pdf,Category\unclassified,The2520Unlawful2520Activities252028Prevention29252028Recommendation2520and2520Sanction2520of2520Prosecution292520Rules2C25202008252028English2520262520Hindi295B15D.pdf,61.9,,,PENDING
Category\unclassified\The2520Unlawful2520Activities252028Prevention292520Amendment2520Act2C25202004252028English295B15D.pdf,Category\unclassified,The2520Unlawful2520Activities252028Prevention292520Amendment2520Act2C25202004252028English295B15D.pdf,522.8,,,PENDING
Category\unclassified\The2520Unlawful2520Activities252028Prevention292520Rules2C25201968252028English295B15D.pdf,Category\unclassified,The2520Unlawful2520Activities252028Prevention292520Rules2C25201968252028English295B15D.pdf,53.6,,,PENDING
Category\unclassified\TheCitizenshipRules2009_02012025.pdf,Category\unclassified,TheCitizenshipRules2009_02012025.pdf,3832.3,,,PENDING
Category\unclassified\UpdatedPresidentPensionRules1962_110520185B15D.pdf,Category\unclassified,UpdatedPresidentPensionRules1962_110520185B15D.pdf,41.4,,,PENDING
Category\unclassified\UpdatedVicePresidentRules1999_11052018_15B15D.pdf,Category\unclassified,UpdatedVicePresidentRules1999_11052018_15B15D.pdf,30.9,,,PENDING
Category\unclassified\UPReogAct2000_1309135B15D.PDF,Category\unclassified,UPReogAct2000_1309135B15D.PDF,679.9,,,PENDING
Category\unclassified\userGuide.pdf,Category\unclassified,userGuide.pdf,1398.4,,,PENDING
Category\unclassified\UTdiv_Act_3112019_05B15D.pdf,Category\unclassified,UTdiv_Act_3112019_05B15D.pdf,701.5,,,PENDING
Category\unclassified\VicePresidentRulesupto2018_090820185B15D.pdf,Category\unclassified,VicePresidentRulesupto2018_090820185B15D.pdf,30.9,,,PENDING
